date_of_interest,HOSP_COUNT_7DAY_AVG,BX_HOSPITALIZED_COUNT,BX_HOSPITALIZED_COUNT_7DAY_AVG,BK_HOSPITALIZED_COUNT,BK_HOSPITALIZED_COUNT_7DAY_AVG,MN_HOSPITALIZED_COUNT,MN_HOSPITALIZED_COUNT_7DAY_AVG,QN_HOSPITALIZED_COUNT,QN_HOSPITALIZED_COUNT_7DAY_AVG,SI_HOSPITALIZED_COUNT,SI_HOSPITALIZED_COUNT_7DAY_AVG
02/29/2020,0,0,0,1,0,0,0,0,0,0,0
03/01/2020,0,1,0,0,0,0,0,0,0,0,0
03/02/2020,0,0,0,2,0,0,0,0,0,0,0
03/03/2020,0,1,0,3,0,1,0,2,0,0,0
03/04/2020,0,0,0,1,0,1,0,0,0,0,0
03/05/2020,0,1,0,3,0,5,0,4,0,1,0
03/06/2020,5,1,1,1,2,3,1,2,1,1,0
03/07/2020,6,1,1,3,2,0,1,4,2,0,0
03/08/2020,8,5,1,8,3,1,2,4,2,0,0
03/09/2020,13,7,2,11,4,9,3,8,3,2,1
03/10/2020,21,7,3,13,6,12,4,23,6,5,1
03/11/2020,32,23,6,11,7,19,7,23,10,2,2
03/12/2020,45,19,9,33,11,16,9,35,14,3,2
03/13/2020,66,26,13,44,18,31,13,49,21,2,2
03/14/2020,90,22,16,40,23,36,18,72,31,7,3
03/15/2020,117,37,20,53,29,33,22,67,40,20,6
03/16/2020,160,72,29,92,41,45,27,114,55,15,8
03/17/2020,207,60,37,98,53,76,37,128,70,23,10
03/18/2020,266,110,49,123,69,87,46,152,88,22,13
03/19/2020,341,135,66,157,87,105,59,208,113,26,16
03/20/2020,425,126,80,220,112,112,71,247,141,33,21
03/21/2020,504,158,100,182,132,117,82,244,166,33,25
03/22/2020,585,173,119,206,154,131,96,229,189,34,27
03/23/2020,698,219,140,294,183,185,116,390,228,43,31
03/24/2020,829,270,170,359,220,204,134,420,270,48,34
03/25/2020,963,313,199,422,263,200,151,447,312,52,38
03/26/2020,1092,316,225,487,310,225,168,451,347,56,43
03/27/2020,1213,314,252,472,346,222,183,513,385,64,47
03/28/2020,1308,312,274,395,376,186,193,451,414,50,50
03/29/2020,1413,320,295,463,413,158,197,504,454,64,54
03/30/2020,1517,350,314,555,450,272,210,609,485,72,58
03/31/2020,1590,390,331,544,477,221,212,592,510,69,61
04/01/2020,1638,374,339,515,490,217,214,579,528,83,65
04/02/2020,1659,354,345,444,484,242,217,570,545,74,68
04/03/2020,1677,381,354,449,481,255,222,559,552,68,69
04/04/2020,1687,312,354,375,478,198,223,521,562,54,69
04/05/2020,1672,306,352,401,469,190,228,437,552,72,70
04/06/2020,1657,388,358,471,457,261,226,547,544,83,72
04/07/2020,1624,331,349,464,446,194,222,532,535,69,72
04/08/2020,1594,356,347,455,437,172,216,514,526,62,69
04/09/2020,1547,271,335,414,433,189,208,426,505,53,66
04/10/2020,1487,293,322,327,415,176,197,437,488,60,65
04/11/2020,1428,245,313,296,404,131,188,329,460,47,64
04/12/2020,1363,227,302,254,383,128,179,298,440,44,60
04/13/2020,1279,262,284,325,362,169,166,342,411,58,56
04/14/2020,1192,202,265,261,333,139,158,336,383,46,53
04/15/2020,1093,201,243,243,303,129,152,262,347,31,48
04/16/2020,1011,172,229,228,276,104,139,236,320,42,47
04/17/2020,939,169,211,230,262,106,129,252,294,32,43
04/18/2020,873,133,195,155,242,83,123,184,273,29,40
04/19/2020,814,142,183,124,224,69,114,173,255,28,38
04/20/2020,740,141,166,187,204,95,104,186,233,32,34
04/21/2020,684,141,157,160,190,90,97,172,209,24,31
04/22/2020,634,119,145,139,175,90,91,154,194,17,29
04/23/2020,586,109,136,126,160,55,84,136,180,22,26
04/24/2020,541,99,126,128,146,80,80,138,163,29,26
04/25/2020,505,79,119,94,137,42,74,89,150,23,25
04/26/2020,472,74,109,75,130,41,70,100,139,17,23
04/27/2020,433,90,102,92,116,61,66,107,128,20,22
04/28/2020,400,88,94,92,107,56,61,106,119,14,20
04/29/2020,371,77,88,93,100,43,54,87,109,13,20
04/30/2020,343,58,81,74,93,31,51,79,101,12,18
05/01/2020,313,70,77,66,84,33,44,81,93,13,16
05/02/2020,296,50,72,53,78,23,41,64,89,18,15
05/03/2020,283,44,68,57,75,33,40,69,85,13,15
05/04/2020,264,57,63,72,72,38,37,59,78,14,14
05/05/2020,244,64,60,64,68,25,32,49,70,11,13
05/06/2020,230,56,57,62,64,27,30,54,65,14,14
05/07/2020,218,43,55,52,61,18,28,50,61,13,14
05/08/2020,205,41,51,52,59,20,26,42,55,11,13
05/09/2020,192,31,48,38,57,12,25,33,51,9,12
05/10/2020,177,24,45,36,54,22,23,18,44,5,11
05/11/2020,168,46,44,49,50,23,21,58,43,4,10
05/12/2020,154,26,38,38,47,13,19,26,40,10,9
05/13/2020,142,27,34,46,44,18,18,27,36,12,9
05/14/2020,137,26,32,38,42,23,19,44,35,11,9
05/15/2020,132,25,29,43,41,22,19,31,34,7,8
05/16/2020,127,17,27,30,40,11,19,30,33,3,7
05/17/2020,123,23,27,18,37,7,17,27,35,5,7
05/18/2020,114,21,24,28,34,23,17,33,31,6,8
05/19/2020,114,26,24,38,34,19,18,25,31,6,7
05/20/2020,107,17,22,32,32,11,17,15,29,5,6
05/21/2020,98,20,21,30,31,9,15,19,26,5,5
05/22/2020,94,25,21,33,30,14,13,26,25,4,5
05/23/2020,92,18,21,22,29,9,13,21,24,4,5
05/24/2020,93,19,21,22,29,21,15,19,23,5,5
05/25/2020,88,25,21,20,28,11,13,20,21,3,5
05/26/2020,83,22,21,20,26,9,12,21,20,4,4
05/27/2020,82,18,21,19,24,11,12,24,21,3,4
05/28/2020,82,14,20,26,23,11,12,21,22,7,4
05/29/2020,79,20,19,22,22,11,12,28,22,3,4
05/30/2020,76,14,19,18,21,6,11,14,21,2,4
05/31/2020,72,13,18,17,20,9,10,21,21,0,3
06/01/2020,73,17,17,34,22,13,10,15,21,2,3
06/02/2020,71,12,15,23,23,9,10,14,20,6,3
06/03/2020,71,16,15,28,24,7,9,19,19,3,3
06/04/2020,70,15,15,28,24,10,9,21,19,1,2
06/05/2020,66,9,14,17,24,8,9,18,17,1,2
06/06/2020,64,10,13,10,22,6,9,14,17,2,2
06/07/2020,63,13,13,18,23,9,9,10,16,4,3
06/08/2020,60,9,12,20,21,9,8,20,17,2,3
06/09/2020,60,14,12,23,21,11,9,13,16,4,2
06/10/2020,59,14,12,17,19,14,10,17,16,3,2
06/11/2020,55,11,11,14,17,8,9,15,15,1,2
06/12/2020,55,13,12,21,18,5,9,10,14,3,3
06/13/2020,54,4,11,11,18,5,9,14,14,1,3
06/14/2020,53,12,11,14,17,5,8,16,15,0,2
06/15/2020,52,14,12,22,17,5,8,11,14,0,2
06/16/2020,52,12,11,23,17,6,7,19,15,1,1
06/17/2020,49,11,11,15,17,6,6,17,15,0,1
06/18/2020,50,9,11,16,17,6,5,24,16,1,1
06/19/2020,49,11,10,23,18,2,5,8,16,1,1
06/20/2020,48,5,11,9,17,3,5,8,15,0,0
06/21/2020,47,6,10,16,18,7,5,13,14,2,1
06/22/2020,47,12,9,16,17,8,5,10,14,2,1
06/23/2020,44,7,9,17,16,5,5,13,13,2,1
06/24/2020,45,7,8,19,17,7,5,15,13,4,2
06/25/2020,43,13,9,10,16,5,5,12,11,3,2
06/26/2020,41,8,8,14,14,4,6,5,11,2,2
06/27/2020,44,10,9,20,16,6,6,6,11,1,2
06/28/2020,42,6,9,11,15,3,5,12,10,0,2
06/29/2020,42,7,8,21,16,4,5,14,11,1,2
06/30/2020,42,8,8,17,16,8,5,10,11,2,2
07/01/2020,40,8,9,12,15,7,5,12,10,0,1
07/02/2020,41,10,8,13,15,8,6,14,10,0,1
07/03/2020,40,4,8,14,15,7,6,4,10,1,1
07/04/2020,38,4,7,8,14,8,6,9,11,1,1
07/05/2020,38,6,7,5,13,6,7,12,11,0,1
07/06/2020,39,8,7,18,12,7,7,19,11,2,1
07/07/2020,39,20,9,6,11,8,7,12,12,1,1
07/08/2020,38,8,9,12,11,8,7,4,11,2,1
07/09/2020,39,17,10,11,11,6,7,11,10,1,1
07/10/2020,41,9,10,17,11,1,6,15,12,3,1
07/11/2020,41,6,11,14,12,5,6,9,12,0,1
07/12/2020,41,7,11,10,13,3,5,6,11,0,1
07/13/2020,40,11,11,15,12,7,5,11,10,5,2
07/14/2020,40,11,10,9,13,8,5,15,10,0,2
07/15/2020,41,9,10,21,14,3,5,10,11,1,1
07/16/2020,39,13,9,7,13,4,4,7,10,3,2
07/17/2020,40,7,9,14,13,11,6,17,11,1,1
07/18/2020,39,6,9,6,12,5,6,8,11,1,2
07/19/2020,41,7,9,11,12,2,6,16,12,2,2
07/20/2020,39,12,9,11,11,5,5,7,11,3,2
07/21/2020,36,5,8,9,11,2,5,6,10,2,2
07/22/2020,36,8,8,14,10,5,5,11,10,2,2
07/23/2020,36,4,7,7,10,10,6,7,10,5,2
07/24/2020,34,12,8,12,10,4,5,11,9,1,2
07/25/2020,35,8,8,12,11,3,4,8,9,4,3
07/26/2020,34,6,8,6,10,6,5,5,8,2,3
07/27/2020,34,11,8,11,10,5,5,10,8,1,2
07/28/2020,36,7,8,18,11,2,5,7,8,4,3
07/29/2020,34,5,8,12,11,6,5,5,8,2,3
07/30/2020,35,6,8,15,12,3,4,11,8,2,2
07/31/2020,34,8,7,8,12,9,5,6,7,3,3
08/01/2020,33,5,7,15,12,4,5,1,6,2,2
08/02/2020,34,5,7,9,13,3,5,12,7,4,3
08/03/2020,34,13,7,12,13,6,5,8,7,1,3
08/04/2020,33,11,8,12,12,2,5,6,7,1,2
08/05/2020,34,9,8,14,12,3,4,12,8,0,2
08/06/2020,34,8,8,12,12,4,4,7,7,3,2
08/07/2020,32,7,8,9,12,4,4,3,7,0,2
08/08/2020,32,7,9,8,11,0,3,5,8,1,1
08/09/2020,31,8,9,9,11,2,3,6,7,1,1
08/10/2020,31,10,9,14,11,6,3,9,7,2,1
08/11/2020,30,10,8,9,11,0,3,2,6,4,2
08/12/2020,29,7,8,7,10,6,3,11,6,0,2
08/13/2020,29,9,8,13,10,7,4,10,7,0,1
08/14/2020,32,6,8,11,10,5,4,14,8,2,1
08/15/2020,32,6,8,7,10,3,4,5,8,2,2
08/16/2020,31,10,8,5,9,0,4,5,8,1,2
08/17/2020,30,9,8,5,8,4,4,15,9,0,1
08/18/2020,32,14,9,9,8,2,4,12,10,2,1
08/19/2020,33,5,8,14,9,8,4,7,10,1,1
08/20/2020,32,14,9,8,8,4,4,10,10,1,1
08/21/2020,31,9,10,9,8,4,4,9,9,0,1
08/22/2020,32,6,10,6,8,7,4,7,9,1,1
08/23/2020,32,3,9,7,8,2,4,11,10,0,1
08/24/2020,33,14,9,9,9,6,5,5,9,2,1
08/25/2020,33,10,9,14,10,7,5,8,8,1,1
08/26/2020,32,5,9,14,10,2,5,5,8,2,1
08/27/2020,31,8,8,9,10,2,4,10,8,2,1
08/28/2020,30,4,7,9,10,1,4,7,8,1,1
08/29/2020,29,7,7,9,10,1,3,4,7,1,1
08/30/2020,28,2,7,5,10,3,3,6,6,4,2
08/31/2020,29,9,6,14,11,6,3,12,7,1,2
09/01/2020,27,5,6,9,10,1,2,5,7,1,2
09/02/2020,27,4,6,14,10,1,2,10,8,0,1
09/03/2020,25,2,5,7,10,1,2,7,7,1,1
09/04/2020,26,10,6,8,9,2,2,9,8,2,1
09/05/2020,26,5,5,10,10,2,2,5,8,0,1
09/06/2020,28,4,6,15,11,3,2,8,8,1,1
09/07/2020,24,2,5,7,10,2,2,6,7,2,1
09/08/2020,25,8,5,8,10,3,2,6,7,1,1
09/09/2020,25,6,5,11,9,3,2,10,7,1,1
09/10/2020,26,2,5,9,10,4,3,7,7,3,1
09/11/2020,27,9,5,9,10,5,3,7,7,2,1
09/12/2020,25,2,5,3,9,1,3,4,7,1,2
09/13/2020,23,2,4,8,8,1,3,5,6,1,2
09/14/2020,25,4,5,15,9,6,3,5,6,2,2
09/15/2020,25,10,5,6,9,4,3,8,7,1,2
09/16/2020,27,7,5,24,11,4,4,10,7,1,2
09/17/2020,29,10,6,13,11,4,4,5,6,2,1
09/18/2020,29,10,6,15,12,5,4,7,6,0,1
09/19/2020,31,3,7,6,12,4,4,7,7,1,1
09/20/2020,32,8,7,9,13,3,4,3,6,1,1
09/21/2020,31,8,8,13,12,0,3,6,7,2,1
09/22/2020,32,7,8,12,13,2,3,13,7,0,1
09/23/2020,31,5,7,24,13,2,3,7,7,0,1
09/24/2020,32,7,7,15,13,6,3,11,8,3,1
09/25/2020,33,8,7,20,14,6,3,11,8,1,1
09/26/2020,34,5,7,7,14,3,3,9,9,2,1
09/27/2020,36,5,6,19,16,2,3,8,9,3,2
09/28/2020,37,7,6,12,16,3,3,14,10,2,2
09/29/2020,40,7,6,18,16,9,4,13,10,3,2
09/30/2020,41,1,6,33,18,8,5,9,11,0,2
10/01/2020,41,7,6,22,19,5,5,6,10,1,2
10/02/2020,42,5,5,26,20,3,5,13,10,2,2
10/03/2020,42,1,5,12,20,4,5,5,10,3,2
10/04/2020,43,4,5,22,21,3,5,11,10,4,2
10/05/2020,45,10,5,24,22,2,5,17,11,2,2
10/06/2020,45,5,5,23,23,8,5,11,10,1,2
10/07/2020,44,9,6,22,22,5,4,10,10,0,2
10/08/2020,45,8,6,20,21,7,5,8,11,4,2
10/09/2020,46,6,6,29,22,4,5,13,11,3,2
10/10/2020,48,3,6,18,23,5,5,7,11,5,3
10/11/2020,48,12,8,20,22,5,5,11,11,1,2
10/12/2020,48,3,7,29,23,7,6,13,10,0,2
10/13/2020,48,9,7,18,22,2,5,16,11,5,3
10/14/2020,50,4,6,23,22,6,5,20,13,5,3
10/15/2020,54,13,7,33,24,5,5,20,14,3,3
10/16/2020,53,9,8,18,23,5,5,12,14,4,3
10/17/2020,52,7,8,9,21,4,5,9,14,6,3
10/18/2020,51,5,7,17,21,4,5,11,14,3,4
10/19/2020,53,10,8,26,21,11,5,18,15,4,4
10/20/2020,57,9,8,33,23,9,6,19,16,4,4
10/21/2020,56,9,9,19,22,4,6,12,14,8,5
10/22/2020,53,9,8,14,19,10,7,16,14,4,5
10/23/2020,55,9,8,24,20,6,7,18,15,3,5
10/24/2020,56,8,8,24,22,5,7,6,14,4,4
10/25/2020,57,8,9,23,23,3,7,7,14,3,4
10/26/2020,55,9,9,13,21,7,6,22,14,5,4
10/27/2020,51,8,9,25,20,4,6,6,12,3,4
10/28/2020,50,8,8,16,20,4,6,14,13,3,4
10/29/2020,51,11,9,22,21,9,5,12,12,5,4
10/30/2020,51,11,9,18,20,5,5,20,12,6,4
10/31/2020,51,7,9,18,19,5,5,13,13,5,4
11/01/2020,53,8,9,19,19,9,6,11,14,8,5
11/02/2020,54,14,10,22,20,7,6,18,13,3,5
11/03/2020,58,11,10,29,21,12,7,18,15,5,5
11/04/2020,61,13,11,28,22,10,8,12,15,6,5
11/05/2020,65,14,11,28,23,14,9,20,16,9,6
11/06/2020,66,9,11,20,23,14,10,20,16,1,5
11/07/2020,67,16,12,12,23,6,10,23,17,3,5
11/08/2020,69,11,13,20,23,7,10,16,18,11,5
11/09/2020,71,18,13,28,24,8,10,21,19,5,6
11/10/2020,73,19,14,30,24,9,10,22,19,9,6
11/11/2020,77,23,16,13,22,17,11,28,21,18,8
11/12/2020,77,19,16,21,21,10,10,19,21,11,8
11/13/2020,81,20,18,31,22,9,9,20,21,12,10
11/14/2020,87,25,19,31,25,11,10,23,21,11,11
11/15/2020,90,14,20,25,26,13,11,28,23,12,11
11/16/2020,97,24,21,34,26,15,12,44,26,10,12
11/17/2020,99,21,21,29,26,13,13,31,28,8,12
11/18/2020,102,24,21,40,30,13,12,30,28,13,11
11/19/2020,109,22,21,37,32,15,13,38,31,20,12
11/20/2020,116,24,22,40,34,18,14,36,33,17,13
11/21/2020,118,18,21,26,33,14,14,41,35,20,14
11/22/2020,122,15,21,38,35,14,15,30,36,19,15
11/23/2020,125,33,22,38,35,16,15,38,35,25,17
11/24/2020,129,19,22,39,37,12,15,42,36,19,19
11/25/2020,132,25,22,42,37,12,14,42,38,20,20
11/26/2020,135,26,23,41,38,27,16,43,39,19,20
11/27/2020,139,24,23,45,38,24,17,38,39,27,21
11/28/2020,140,21,23,33,39,19,18,42,39,12,20
11/29/2020,147,31,26,43,40,18,18,48,42,23,21
11/30/2020,152,41,27,41,41,33,21,60,45,13,19
12/01/2020,162,44,30,46,42,21,22,64,48,25,20
12/02/2020,167,26,30,52,43,24,24,51,49,23,20
12/03/2020,176,47,33,60,46,19,23,57,51,35,23
12/04/2020,179,36,35,60,48,22,22,41,52,23,22
12/05/2020,186,30,36,43,49,27,23,58,54,20,23
12/06/2020,188,36,37,50,50,19,24,46,54,22,23
12/07/2020,193,45,38,57,53,27,23,61,54,32,26
12/08/2020,196,39,37,68,56,35,25,56,53,22,25
12/09/2020,210,57,41,76,59,46,28,62,54,37,27
12/10/2020,214,44,41,75,61,28,29,72,57,27,26
12/11/2020,223,58,44,62,62,32,31,68,60,23,26
12/12/2020,227,38,45,61,64,28,31,59,61,23,27
12/13/2020,235,40,46,58,65,32,33,78,65,19,26
12/14/2020,241,52,47,80,69,36,34,79,68,19,24
12/15/2020,244,41,47,78,70,40,35,62,69,17,24
12/16/2020,235,46,46,69,69,21,31,65,69,13,20
12/17/2020,233,48,46,70,68,30,31,63,68,20,19
12/18/2020,237,67,47,79,71,37,32,71,68,20,19
12/19/2020,241,46,49,69,72,32,33,73,70,19,18
12/20/2020,244,41,49,83,75,32,33,68,69,22,19
12/21/2020,253,63,50,99,78,58,36,91,70,20,19
12/22/2020,260,54,52,88,80,50,37,71,72,24,20
12/23/2020,273,48,52,115,86,43,40,74,73,23,21
12/24/2020,279,49,53,96,90,37,41,81,76,13,20
12/25/2020,278,43,49,85,91,50,43,76,76,13,19
12/26/2020,282,43,49,89,94,34,43,78,77,20,19
12/27/2020,281,34,48,90,95,31,43,67,77,19,19
12/28/2020,285,66,48,107,96,55,43,108,79,20,19
12/29/2020,290,63,49,88,96,56,44,98,83,19,18
12/30/2020,292,69,52,96,93,41,43,93,86,17,17
12/31/2020,294,55,53,90,92,41,44,81,86,20,18
01/01/2021,298,59,56,81,92,36,42,94,88,27,20
01/02/2021,307,54,57,97,93,48,44,100,92,26,21
01/03/2021,315,53,60,94,93,36,45,102,97,15,21
01/04/2021,323,65,60,139,98,62,46,116,98,29,22
01/05/2021,327,72,61,101,100,53,45,103,98,24,23
01/06/2021,336,71,61,113,102,44,46,122,103,31,25
01/07/2021,347,65,63,110,105,35,45,121,108,28,26
01/08/2021,355,62,63,115,110,33,44,119,112,26,26
01/09/2021,356,61,64,94,109,35,43,112,114,29,26
01/10/2021,357,52,64,87,108,48,44,96,113,27,28
01/11/2021,356,88,67,125,106,55,43,108,112,27,27
01/12/2021,362,89,70,125,110,49,43,103,112,31,28
01/13/2021,369,94,73,128,112,60,45,113,110,33,29
01/14/2021,379,78,75,136,116,62,49,121,110,33,29
01/15/2021,384,72,76,128,118,48,51,110,109,32,30
01/16/2021,390,69,77,105,119,53,54,121,110,25,30
01/17/2021,394,70,80,103,121,55,55,87,109,23,29
01/18/2021,400,97,81,142,124,54,54,119,111,32,30
01/19/2021,399,73,79,117,123,63,56,114,112,24,29
01/20/2021,391,83,77,107,120,49,55,115,112,18,27
01/21/2021,389,87,79,120,117,63,55,121,112,25,26
01/22/2021,395,98,82,125,117,57,56,120,114,29,25
01/23/2021,388,75,83,93,115,53,56,82,108,21,25
01/24/2021,387,76,84,98,115,49,55,91,109,20,24
01/25/2021,381,100,85,111,110,64,57,110,108,18,22
01/26/2021,378,82,86,99,108,50,55,117,108,21,22
01/27/2021,386,87,86,130,111,57,56,124,109,28,23
01/28/2021,382,106,89,113,110,52,55,104,107,16,22
01/29/2021,379,84,87,127,110,68,56,113,106,16,20
01/30/2021,372,58,85,76,108,47,55,73,105,18,20
01/31/2021,367,63,83,97,108,38,54,88,104,17,19
02/01/2021,351,83,80,82,103,41,50,70,98,13,18
02/02/2021,356,89,81,140,109,58,52,96,95,18,18
02/03/2021,357,95,83,147,112,69,53,107,93,18,17
02/04/2021,364,86,80,142,116,74,56,120,95,14,16
02/05/2021,368,101,82,137,117,67,56,114,95,20,17
02/06/2021,380,81,85,90,119,66,59,97,99,22,17
02/07/2021,381,84,88,103,120,38,59,75,97,10,16
02/08/2021,395,96,90,124,126,60,62,91,100,19,17
02/09/2021,395,95,91,106,121,56,61,112,102,26,18
02/10/2021,383,83,89,116,117,43,58,91,100,22,19
02/11/2021,367,64,86,109,112,51,54,85,95,15,19
02/12/2021,353,78,83,104,107,48,52,88,91,24,20
02/13/2021,342,70,81,73,105,42,48,87,90,9,18
02/14/2021,333,58,78,82,102,33,48,56,87,14,18
02/15/2021,322,71,74,94,98,47,46,89,87,16,18
02/16/2021,316,79,72,116,99,53,45,93,84,12,16
02/17/2021,308,64,69,100,97,40,45,81,83,8,14
02/18/2021,298,52,67,77,92,38,43,81,82,10,13
02/19/2021,292,72,67,80,89,42,42,91,83,14,12
02/20/2021,294,71,67,88,91,41,42,86,82,10,12
02/21/2021,299,57,67,85,91,34,42,84,86,14,12
02/22/2021,303,80,68,116,95,53,43,85,86,13,12
02/23/2021,300,69,66,109,94,46,42,93,86,14,12
02/24/2021,308,71,67,106,94,48,43,118,91,10,12
02/25/2021,313,70,70,86,96,45,44,80,91,11,12
02/26/2021,317,55,68,98,98,54,46,105,93,15,12
02/27/2021,309,48,64,68,95,32,45,81,92,12,13
02/28/2021,305,55,64,86,96,28,44,69,90,6,12
03/01/2021,302,74,63,85,91,49,43,98,92,17,12
03/02/2021,293,55,61,80,87,48,43,69,89,21,13
03/03/2021,287,68,61,91,85,49,44,85,84,13,14
03/04/2021,287,70,61,100,87,51,44,67,82,10,13
03/05/2021,277,66,62,69,83,33,41,68,77,19,14
03/06/2021,277,43,62,66,82,36,42,83,77,13,14
03/07/2021,277,53,61,70,80,36,43,71,77,15,15
03/08/2021,274,60,59,72,78,52,44,94,77,22,16
03/09/2021,275,62,60,73,77,46,43,85,79,16,15
03/10/2021,272,57,59,95,78,36,41,81,78,13,15
03/11/2021,271,51,56,100,78,44,40,82,81,15,16
03/12/2021,276,61,55,91,81,36,41,91,84,14,15
03/13/2021,274,39,55,66,81,34,41,78,83,5,14
03/14/2021,275,42,53,82,83,30,40,86,85,11,14
03/15/2021,274,62,53,83,84,35,37,95,85,18,13
03/16/2021,269,44,51,79,85,40,36,73,84,15,13
03/17/2021,268,45,49,99,86,45,38,70,82,17,14
03/18/2021,270,55,50,100,86,32,36,94,84,24,15
03/19/2021,266,58,49,84,85,35,36,66,80,18,15
03/20/2021,271,53,51,88,88,30,35,73,80,17,17
03/21/2021,274,34,50,93,89,29,35,97,81,19,18
03/22/2021,279,54,49,98,92,48,37,105,83,23,19
03/23/2021,284,60,51,92,93,33,36,84,84,16,19
03/24/2021,287,61,54,97,93,22,33,91,87,23,20
03/25/2021,288,52,53,107,94,30,32,98,88,25,20
03/26/2021,295,60,53,104,97,36,33,82,90,28,22
03/27/2021,295,54,54,88,97,33,33,78,91,14,21
03/28/2021,286,36,54,61,92,19,32,76,88,16,21
03/29/2021,283,55,54,100,93,37,30,93,86,20,20
03/30/2021,280,61,54,84,92,34,30,65,83,20,21
03/31/2021,280,49,52,104,93,26,31,91,83,21,21
04/01/2021,273,49,52,101,92,36,32,64,78,14,19
04/02/2021,266,31,48,89,90,34,31,92,80,19,18
04/03/2021,262,46,47,78,88,27,30,73,79,12,17
04/04/2021,262,41,47,65,89,21,31,72,79,13,17
04/05/2021,257,46,46,88,87,29,30,86,78,17,17
04/06/2021,252,56,45,74,86,27,29,67,78,7,15
04/07/2021,242,44,45,75,81,22,28,61,74,19,14
04/08/2021,236,38,43,72,77,26,27,71,75,11,14
04/09/2021,227,45,45,52,72,28,26,63,70,19,14
04/10/2021,221,34,43,61,70,25,25,58,68,12,14
04/11/2021,213,27,41,51,68,17,25,58,66,8,13
04/12/2021,205,39,40,58,63,32,25,64,63,12,13
04/13/2021,201,30,37,68,62,30,26,62,62,14,14
04/14/2021,197,36,36,66,61,25,26,52,61,13,13
04/15/2021,197,45,37,65,60,28,26,65,60,17,14
04/16/2021,196,31,35,76,64,21,25,55,59,15,13
04/17/2021,192,25,33,59,63,16,24,54,59,10,13
04/18/2021,193,30,34,67,66,12,23,44,57,14,14
04/19/2021,189,30,32,58,66,20,22,55,55,16,14
04/20/2021,182,26,32,60,64,19,20,39,52,11,14
04/21/2021,171,15,29,43,61,11,18,35,50,13,14
04/22/2021,163,40,28,49,59,13,16,46,47,10,13
04/23/2021,156,23,27,51,55,19,16,46,46,14,13
04/24/2021,147,21,26,30,51,12,15,29,42,9,12
04/25/2021,140,22,25,35,47,17,16,41,42,4,11
04/26/2021,135,30,25,50,45,16,15,42,40,7,10
04/27/2021,130,17,24,45,43,8,14,37,39,9,9
04/28/2021,131,17,24,44,43,19,15,36,40,9,9
04/29/2021,125,20,21,42,42,18,16,27,37,9,9
04/30/2021,116,16,20,33,40,11,14,28,34,3,7
05/01/2021,113,13,19,23,39,13,15,26,34,3,6
05/02/2021,106,14,18,22,37,8,13,16,30,12,7
05/03/2021,98,17,16,29,34,11,13,29,28,4,7
05/04/2021,96,12,16,46,34,11,13,23,26,6,7
05/05/2021,89,15,15,25,31,9,12,26,25,6,6
05/06/2021,85,10,14,21,28,16,11,30,25,5,6
05/07/2021,82,13,13,29,28,9,11,16,24,5,6
05/08/2021,80,11,13,25,28,11,11,16,22,2,6
05/09/2021,78,9,12,18,28,9,11,23,23,1,4
05/10/2021,75,18,13,17,26,9,11,24,23,2,4
05/11/2021,71,15,13,18,22,8,10,24,23,5,4
05/12/2021,69,9,12,25,22,11,10,15,21,4,3
05/13/2021,67,12,12,22,22,7,9,22,20,4,3
05/14/2021,66,16,13,14,20,10,9,24,21,5,3
05/15/2021,63,7,12,21,19,2,8,8,20,4,4
05/16/2021,60,3,11,18,19,4,7,14,19,1,4
05/17/2021,61,11,10,22,20,10,7,24,19,5,4
05/18/2021,58,10,10,16,20,6,7,18,18,2,4
05/19/2021,57,14,10,20,19,8,7,12,17,3,3
05/20/2021,57,12,10,31,20,7,7,12,16,3,3
05/21/2021,54,10,10,11,20,9,7,15,15,6,3
05/22/2021,54,6,9,13,19,4,7,13,15,2,3
05/23/2021,54,4,10,19,19,6,7,13,15,4,4
05/24/2021,49,7,9,9,17,4,6,14,14,1,3
05/25/2021,48,3,8,19,17,5,6,15,13,0,3
05/26/2021,44,4,7,12,16,3,5,10,13,4,3
05/27/2021,42,11,6,11,13,10,6,12,13,3,3
05/28/2021,39,7,6,16,14,5,5,6,12,1,2
05/29/2021,38,6,6,4,13,4,5,11,12,0,2
05/30/2021,35,4,6,14,12,5,5,3,10,1,1
05/31/2021,32,8,6,2,11,3,5,4,9,1,1
06/01/2021,31,5,6,14,10,4,5,10,8,2,2
06/02/2021,33,6,7,15,11,4,5,14,9,5,2
06/03/2021,30,0,5,15,11,3,4,9,8,2,2
06/04/2021,29,6,5,10,11,4,4,3,8,2,2
06/05/2021,28,3,5,3,10,3,4,4,7,3,2
06/06/2021,27,8,5,8,10,1,3,4,7,2,2
06/07/2021,29,8,5,12,11,1,3,8,7,3,3
06/08/2021,29,11,6,7,10,6,3,10,7,1,3
06/09/2021,26,8,6,9,9,1,3,4,6,1,2
06/10/2021,26,6,7,8,8,3,3,6,6,2,2
06/11/2021,25,5,7,4,7,5,3,6,6,2,2
06/12/2021,26,6,7,4,7,3,3,6,6,2,2
06/13/2021,27,4,7,12,8,2,3,10,7,3,2
06/14/2021,26,6,7,12,8,2,3,5,7,1,2
06/15/2021,25,8,6,8,8,1,2,4,6,4,2
06/16/2021,25,6,6,5,8,5,3,7,6,2,2
06/17/2021,25,9,6,9,8,2,3,7,6,1,2
06/18/2021,25,2,6,7,8,4,3,5,6,1,2
06/19/2021,24,4,6,2,8,1,2,3,6,3,2
06/20/2021,23,4,6,10,8,2,2,7,5,2,2
06/21/2021,24,7,6,9,7,4,3,5,5,5,3
06/22/2021,25,3,5,7,7,3,3,14,7,7,3
06/23/2021,25,3,5,11,8,3,3,6,7,1,3
06/24/2021,23,1,3,8,8,1,3,2,6,2,3
06/25/2021,23,4,4,8,8,2,2,4,6,0,3
06/26/2021,23,4,4,7,9,2,2,2,6,3,3
06/27/2021,23,3,4,6,8,3,3,10,6,0,3
06/28/2021,22,3,3,8,8,5,3,8,7,3,2
06/29/2021,21,1,3,8,8,4,3,8,6,0,1
06/30/2021,20,3,3,6,7,4,3,6,6,1,1
07/01/2021,22,3,3,10,8,3,3,7,6,8,2
07/02/2021,25,6,3,13,8,5,4,8,7,5,3
07/03/2021,26,3,3,5,8,5,4,5,7,4,3
07/04/2021,26,1,3,9,8,5,4,7,7,2,3
07/05/2021,24,3,3,5,8,3,4,4,6,1,3
07/06/2021,25,3,3,8,8,3,4,5,6,5,4
07/07/2021,25,2,3,9,8,3,4,7,6,2,4
07/08/2021,24,4,3,8,8,3,4,5,6,3,3
07/09/2021,24,5,3,8,7,7,4,13,7,2,3
07/10/2021,24,2,3,6,8,3,4,9,7,0,2
07/11/2021,24,8,4,6,7,2,3,11,8,1,2
07/12/2021,25,7,4,10,8,2,3,5,8,0,2
07/13/2021,26,6,5,7,8,3,3,8,8,3,2
07/14/2021,29,11,6,13,8,7,4,14,9,2,2
07/15/2021,30,2,6,9,8,6,4,9,10,2,1
07/16/2021,30,7,6,17,10,3,4,10,9,1,1
07/17/2021,33,11,7,8,10,5,4,9,9,6,2
07/18/2021,35,6,7,19,12,4,4,6,9,4,3
07/19/2021,39,9,7,19,13,8,5,16,10,3,3
07/20/2021,43,7,8,21,15,8,6,14,11,4,3
07/21/2021,43,9,7,13,15,6,6,15,11,5,4
07/22/2021,47,15,9,17,16,6,6,11,12,4,4
07/23/2021,49,9,9,18,16,6,6,15,12,5,4
07/24/2021,49,5,9,13,17,7,6,11,13,5,4
07/25/2021,49,8,9,10,16,7,7,12,13,4,4
07/26/2021,50,8,9,21,16,12,7,18,14,4,4
07/27/2021,53,16,10,23,16,7,7,18,14,7,5
07/28/2021,57,13,11,15,17,14,8,32,17,3,5
07/29/2021,60,10,10,21,17,14,10,18,18,13,6
07/30/2021,64,18,11,19,17,11,10,27,19,3,6
07/31/2021,68,8,12,29,20,7,10,20,21,7,6
08/01/2021,69,10,12,17,21,5,10,15,21,3,6
08/02/2021,71,8,12,25,21,9,10,26,22,6,6
08/03/2021,75,18,12,28,22,10,10,31,24,13,7
08/04/2021,77,12,12,37,25,9,9,18,22,13,8
08/05/2021,79,20,13,23,25,19,10,24,23,3,7
08/06/2021,84,18,13,40,28,16,11,28,23,11,8
08/07/2021,86,17,15,27,28,12,11,21,23,8,8
08/08/2021,93,19,16,25,29,16,13,29,25,10,9
08/09/2021,101,29,19,45,32,15,14,41,27,0,8
08/10/2021,104,37,22,33,33,16,15,29,27,6,7
08/11/2021,110,28,24,40,33,12,15,37,30,18,8
08/12/2021,115,21,24,36,35,19,15,32,31,15,10
08/13/2021,119,30,26,48,36,15,15,40,33,7,9
08/14/2021,120,18,26,29,37,11,15,20,33,16,10
08/15/2021,122,15,25,40,39,24,16,25,32,8,10
08/16/2021,123,27,25,44,39,15,16,42,32,7,11
08/17/2021,125,31,24,41,40,17,16,35,33,13,12
08/18/2021,121,24,24,32,39,16,17,24,31,12,11
08/19/2021,118,19,23,30,38,13,16,25,30,10,10
08/20/2021,115,35,24,34,36,18,16,25,28,11,11
08/21/2021,118,26,25,34,36,17,17,32,30,4,9
08/22/2021,117,23,26,32,35,16,16,28,30,6,9
08/23/2021,115,34,27,31,33,19,17,28,28,7,9
08/24/2021,111,18,26,39,33,15,16,32,28,5,8
08/25/2021,111,25,26,32,33,19,17,30,29,4,7
08/26/2021,113,25,27,34,34,11,16,31,29,8,6
08/27/2021,111,27,25,36,34,13,16,25,29,9,6
08/28/2021,107,13,24,26,33,14,15,30,29,3,6
08/29/2021,106,26,24,29,32,11,15,22,28,8,6
08/30/2021,106,31,24,37,33,13,14,32,29,8,6
08/31/2021,108,29,25,35,33,25,15,24,28,12,7
09/01/2021,111,28,26,32,33,21,15,37,29,9,8
09/02/2021,109,31,26,23,31,6,15,24,28,11,9
09/03/2021,104,17,25,26,30,11,14,22,27,4,8
09/04/2021,108,22,26,37,31,13,14,32,28,6,8
09/05/2021,104,16,25,24,31,10,14,16,27,7,8
09/06/2021,98,18,23,23,29,10,14,21,25,6,8
09/07/2021,96,18,21,33,28,25,14,27,26,7,7
09/08/2021,92,22,21,29,28,21,14,25,24,3,6
09/09/2021,93,38,22,27,28,11,14,19,23,8,6
09/10/2021,96,26,23,29,29,11,14,27,24,6,6
09/11/2021,92,13,22,29,28,12,14,22,22,8,6
09/12/2021,95,14,21,30,29,14,15,26,24,6,6
09/13/2021,99,15,21,35,30,24,17,21,24,9,7
09/14/2021,95,12,20,30,30,20,16,16,22,6,7
09/15/2021,94,13,19,35,31,7,14,29,23,11,8
09/16/2021,92,21,16,20,30,11,14,27,24,7,8
09/17/2021,90,12,14,28,30,19,15,26,24,5,7
09/18/2021,91,17,15,29,30,17,16,22,24,3,7
09/19/2021,88,8,14,25,29,13,16,14,22,9,7
09/20/2021,87,25,15,28,28,19,15,19,22,8,7
09/21/2021,87,18,16,25,27,14,14,22,23,5,7
09/22/2021,88,19,17,35,27,14,15,24,22,5,6
09/23/2021,90,16,16,42,30,11,15,20,21,9,6
09/24/2021,88,9,16,35,31,11,14,24,21,2,6
09/25/2021,86,15,16,25,31,5,12,21,21,4,6
09/26/2021,84,10,16,21,30,7,12,13,20,4,5
09/27/2021,80,16,15,29,30,7,10,19,20,4,5
09/28/2021,78,11,14,20,30,10,9,22,20,5,5
09/29/2021,73,16,13,24,28,8,8,13,19,4,5
09/30/2021,69,13,13,22,25,7,8,17,18,6,4
10/01/2021,69,17,14,29,24,8,7,31,19,2,4
10/02/2021,69,18,14,19,23,5,7,20,19,4,4
10/03/2021,70,11,15,28,24,9,8,15,20,2,4
10/04/2021,71,16,15,30,25,9,8,19,20,3,4
10/05/2021,71,10,14,29,26,14,9,14,18,4,4
10/06/2021,71,12,14,13,24,11,9,22,20,7,4
10/07/2021,70,15,14,13,23,8,9,20,20,6,4
10/08/2021,65,8,13,15,21,11,10,10,17,3,4
10/09/2021,65,14,12,26,22,10,10,13,16,4,4
10/10/2021,63,11,12,20,21,7,10,7,15,7,5
10/11/2021,60,9,11,16,19,10,10,15,14,5,5
10/12/2021,57,7,11,14,17,9,9,18,15,4,5
10/13/2021,59,14,11,27,19,14,10,14,14,8,5
10/14/2021,57,11,11,12,19,8,10,17,13,2,5
10/15/2021,59,11,11,12,18,14,10,20,15,4,5
10/16/2021,58,10,10,20,17,5,10,16,15,6,5
10/17/2021,57,2,9,28,18,8,10,9,16,2,4
10/18/2021,58,10,9,20,19,2,9,18,16,9,5
10/19/2021,58,11,10,17,19,8,8,11,15,3,5
10/20/2021,54,8,9,19,18,8,8,9,14,7,5
10/21/2021,54,6,8,18,19,3,7,18,14,6,5
10/22/2021,52,12,8,16,20,5,6,10,13,3,5
10/23/2021,50,7,8,15,19,6,6,10,12,6,5
10/24/2021,49,8,9,16,17,7,6,9,12,4,5
10/25/2021,46,5,8,13,16,4,6,11,11,2,4
10/26/2021,45,6,7,19,17,4,5,9,11,5,5
10/27/2021,45,8,7,18,16,7,5,14,12,2,4
10/28/2021,43,8,8,11,15,10,6,8,10,1,3
10/29/2021,41,6,7,7,14,8,7,8,10,3,3
10/30/2021,39,6,7,12,14,3,6,5,9,4,3
10/31/2021,37,5,6,8,13,8,6,8,9,3,3
11/01/2021,38,7,7,12,12,4,6,13,9,4,3
11/02/2021,39,11,7,18,12,4,6,10,9,7,3
11/03/2021,39,12,8,24,13,5,6,9,9,4,4
11/04/2021,40,6,8,14,14,2,5,15,10,3,4
11/05/2021,40,9,8,13,14,4,4,5,9,4,4
11/06/2021,42,11,9,15,15,4,4,8,10,3,4
11/07/2021,42,4,9,15,16,1,3,9,10,5,4
11/08/2021,43,13,9,15,16,2,3,8,9,6,5
11/09/2021,40,5,9,9,15,5,3,11,9,5,4
11/10/2021,39,12,9,16,14,4,3,12,10,2,4
11/11/2021,41,9,9,22,15,3,3,13,9,3,4
11/12/2021,42,8,9,17,16,6,4,12,10,0,3
11/13/2021,42,5,8,20,16,4,4,10,11,6,4
11/14/2021,43,3,8,17,17,4,4,12,11,4,4
11/15/2021,44,8,7,9,16,11,5,16,12,4,3
11/16/2021,45,7,7,8,16,9,6,13,13,6,4
11/17/2021,46,12,7,17,16,9,7,11,12,4,4
11/18/2021,47,13,8,20,15,2,6,16,13,4,4
11/19/2021,48,4,7,18,16,6,6,21,14,4,5
11/20/2021,48,8,8,17,15,6,7,13,15,3,4
11/21/2021,49,4,8,14,15,9,7,13,15,3,4
11/22/2021,50,12,9,15,16,6,7,18,15,5,4
11/23/2021,53,10,9,21,17,3,6,20,16,11,5
11/24/2021,55,16,10,17,17,11,6,16,17,8,5
11/25/2021,57,11,9,26,18,5,7,23,18,3,5
11/26/2021,61,15,11,19,18,10,7,23,18,10,6
11/27/2021,63,6,11,22,19,13,8,18,19,5,6
11/28/2021,65,9,11,14,19,6,8,23,20,4,7
11/29/2021,69,13,11,31,21,10,8,20,20,8,7
11/30/2021,72,20,13,21,21,10,9,33,22,6,6
12/01/2021,76,15,13,30,23,18,10,25,24,4,6
12/02/2021,79,15,13,33,24,13,11,23,24,7,6
12/03/2021,83,23,14,24,25,17,12,34,25,8,6
12/04/2021,86,17,16,30,26,14,13,20,25,4,6
12/05/2021,93,17,17,30,28,16,14,31,27,10,7
12/06/2021,102,23,19,58,32,16,15,38,29,6,6
12/07/2021,108,29,20,39,35,17,16,42,30,9,7
12/08/2021,116,26,21,50,38,19,16,48,34,5,7
12/09/2021,123,32,24,40,39,17,17,44,37,8,7
12/10/2021,133,44,27,49,42,26,18,39,37,15,8
12/11/2021,139,28,28,42,44,15,18,34,39,11,9
12/12/2021,144,27,30,46,46,15,18,41,41,11,9
12/13/2021,153,37,32,58,46,36,21,61,44,11,10
12/14/2021,164,39,33,65,50,40,24,56,46,10,10
12/15/2021,175,50,37,74,53,33,26,55,47,14,11
12/16/2021,204,95,46,101,62,56,32,77,52,16,13
12/17/2021,223,78,51,76,66,55,36,78,57,19,13
12/18/2021,245,51,54,99,74,43,40,71,63,20,14
12/19/2021,274,88,63,103,82,53,45,84,69,16,15
12/20/2021,305,77,68,146,95,76,51,99,74,25,17
12/21/2021,342,101,77,140,106,79,56,123,84,19,18
12/22/2021,408,176,95,194,123,114,68,180,102,25,20
12/23/2021,457,177,107,212,139,111,76,161,114,30,22
12/24/2021,497,144,116,207,157,79,79,132,121,19,22
12/25/2021,544,142,129,201,172,111,89,139,131,22,22
12/26/2021,601,178,142,257,194,112,97,162,142,32,25
12/27/2021,678,271,170,318,218,143,107,197,156,36,26
12/28/2021,737,202,184,269,237,150,117,207,168,41,29
12/29/2021,774,261,196,295,251,130,119,216,173,52,33
12/30/2021,825,301,214,327,268,156,126,206,180,55,37
12/31/2021,860,168,218,291,280,131,133,198,189,42,40
01/01/2022,898,205,227,260,288,153,139,209,199,52,44
01/02/2022,979,354,252,367,304,217,154,313,221,58,48
01/03/2022,1004,348,263,319,304,182,160,260,230,29,47
01/04/2022,1024,320,280,279,305,148,160,219,232,47,48
01/05/2022,1050,288,283,362,315,165,165,263,238,56,48
01/06/2022,1036,271,279,268,307,152,164,214,239,44,47
01/07/2022,1036,205,284,261,302,134,164,188,238,39,46
01/08/2022,1019,202,284,223,297,122,160,168,232,46,46
01/09/2022,935,164,257,224,277,126,147,168,211,42,43
01/10/2022,905,256,244,260,268,151,143,207,204,54,47
01/11/2022,871,184,224,247,264,120,139,175,198,44,46
01/12/2022,817,163,206,232,245,116,132,204,189,45,45
01/13/2022,786,158,190,212,237,119,127,200,187,40,44
01/14/2022,766,174,186,208,229,115,124,163,184,30,43
01/15/2022,731,114,173,171,222,71,117,118,176,41,42
01/16/2022,692,100,164,133,209,63,108,123,170,32,41
01/17/2022,636,102,142,163,195,84,98,140,160,49,40
01/18/2022,599,122,133,147,181,85,93,138,155,20,37
01/19/2022,552,98,124,132,167,66,86,101,140,33,35
01/20/2022,514,101,116,154,158,85,81,101,126,23,33
01/21/2022,473,100,105,138,148,72,75,77,114,15,30
01/22/2022,446,81,101,93,137,44,71,85,109,19,27
01/23/2022,421,59,95,87,131,41,68,78,103,15,25
01/24/2022,395,108,96,95,121,62,65,73,93,15,20
01/25/2022,371,84,90,119,117,43,59,76,84,25,21
01/26/2022,350,60,85,84,110,45,56,72,80,20,19
01/27/2022,323,54,78,93,101,41,50,58,74,29,20
01/28/2022,295,47,70,52,89,40,45,52,71,15,20
01/29/2022,269,23,62,48,83,21,42,39,64,9,18
01/30/2022,249,23,57,52,78,15,38,37,58,17,19
01/31/2022,229,57,50,68,74,20,32,46,54,16,19
02/01/2022,204,31,42,60,65,22,29,54,51,10,17
02/02/2022,187,38,39,51,61,14,25,48,48,11,15
02/03/2022,168,30,36,57,55,16,21,28,43,11,13
02/04/2022,160,24,32,42,54,28,19,43,42,14,13
02/05/2022,157,30,33,33,52,17,19,30,41,7,12
02/06/2022,152,17,32,26,48,16,19,38,41,9,11
02/07/2022,137,20,27,32,43,19,19,28,38,4,9
02/08/2022,130,36,28,46,41,13,18,28,35,5,9
02/09/2022,123,24,26,39,39,15,18,29,32,7,8
02/10/2022,115,20,24,34,36,14,17,16,30,3,7
02/11/2022,109,21,24,33,35,11,15,31,29,10,6
02/12/2022,102,15,22,23,33,13,14,10,26,8,7
02/13/2022,95,15,22,11,31,10,14,13,22,6,6
02/14/2022,91,18,21,26,30,11,12,19,21,3,6
02/15/2022,83,14,18,28,28,7,12,16,19,8,6
02/16/2022,76,11,16,24,26,9,11,21,18,3,6
02/17/2022,74,9,15,20,24,17,11,22,19,4,6
02/18/2022,68,15,14,12,21,8,11,20,17,6,5
02/19/2022,65,11,13,15,19,6,10,13,18,2,5
02/20/2022,62,11,13,14,20,4,9,7,17,3,4
02/21/2022,57,11,12,6,17,8,8,12,16,1,4
02/22/2022,54,11,11,19,16,2,8,13,15,9,4
02/23/2022,50,13,12,8,13,7,7,10,14,3,4
02/24/2022,46,11,12,8,12,9,6,12,12,3,4
02/25/2022,44,4,10,18,13,4,6,11,11,7,4
02/26/2022,41,5,9,8,12,6,6,9,11,1,4
02/27/2022,40,5,9,7,11,4,6,9,11,4,4
02/28/2022,42,9,8,15,12,8,6,17,12,2,4
03/01/2022,40,11,8,10,11,8,7,10,11,4,3
03/02/2022,40,11,8,13,11,3,6,9,11,5,4
03/03/2022,40,9,8,10,12,8,6,9,11,4,4
03/04/2022,39,8,8,9,10,7,6,14,11,1,3
03/05/2022,39,7,9,5,10,3,6,7,11,4,3
03/06/2022,37,5,9,5,10,3,6,5,10,2,3
03/07/2022,33,3,8,5,8,5,5,7,9,4,3
03/08/2022,31,5,7,7,8,5,5,3,8,3,3
03/09/2022,28,8,6,5,7,2,5,7,7,4,3
03/10/2022,27,7,6,10,7,2,4,9,7,0,3
03/11/2022,24,5,6,7,6,5,4,3,6,2,3
03/12/2022,23,4,5,6,6,3,4,6,6,1,2
03/13/2022,24,2,5,7,7,2,3,11,7,2,2
03/14/2022,25,3,5,7,7,7,4,13,7,2,2
03/15/2022,26,8,5,8,7,7,4,3,7,3,2
03/16/2022,26,4,5,5,7,5,4,7,7,3,2
03/17/2022,26,4,4,9,7,2,4,8,7,5,3
03/18/2022,27,4,4,8,7,3,4,17,9,2,3
03/19/2022,28,4,4,5,7,9,5,1,9,3,3
03/20/2022,28,3,4,11,8,4,5,7,8,1,3
03/21/2022,27,6,5,9,8,6,5,3,7,3,3
03/22/2022,27,5,4,10,8,7,5,4,7,4,3
03/23/2022,27,6,5,6,8,7,5,3,6,0,3
03/24/2022,26,2,4,11,9,2,5,6,6,3,2
03/25/2022,27,5,4,9,9,9,6,14,5,0,2
03/26/2022,27,4,4,4,9,5,6,10,7,2,2
03/27/2022,27,4,5,8,8,2,5,5,6,3,2
03/28/2022,27,6,5,7,8,6,5,10,7,2,2
03/29/2022,27,2,4,12,8,2,5,11,8,2,2
03/30/2022,30,9,5,13,9,6,5,13,10,0,2
03/31/2022,33,5,5,8,9,15,6,9,10,6,2
04/01/2022,32,5,5,5,8,14,7,5,9,5,3
04/02/2022,33,5,5,7,9,8,8,8,9,1,3
04/03/2022,33,6,5,6,8,6,8,4,9,3,3
04/04/2022,34,3,5,9,9,14,9,10,9,2,3
04/05/2022,37,8,6,24,10,5,10,6,8,4,3
04/06/2022,37,6,5,16,11,8,10,11,8,2,3
04/07/2022,37,8,6,16,12,9,9,11,8,1,3
04/08/2022,39,10,7,14,13,12,9,9,8,2,2
04/09/2022,41,6,7,13,14,8,9,14,9,1,2
04/10/2022,44,9,7,7,14,15,10,10,10,2,2
04/11/2022,46,9,8,15,15,14,10,14,11,5,2
04/12/2022,46,9,8,12,13,11,11,10,11,2,2
04/13/2022,47,8,8,18,14,9,11,8,11,6,3
04/14/2022,47,7,8,14,13,12,12,10,11,5,3
04/15/2022,48,13,9,15,13,6,11,16,12,4,4
04/16/2022,48,9,9,12,13,8,11,11,11,1,4
04/17/2022,49,12,10,9,14,13,10,13,12,3,4
04/18/2022,49,10,10,20,14,11,10,14,12,4,4
04/19/2022,52,6,9,23,16,12,10,18,13,3,4
04/20/2022,51,5,9,20,16,7,10,10,13,2,3
04/21/2022,53,11,9,13,16,11,10,13,14,12,4
04/22/2022,57,8,9,21,17,23,12,24,15,9,5
04/23/2022,60,14,9,15,17,11,13,14,15,2,5
04/24/2022,59,8,9,14,18,11,12,14,15,2,5
04/25/2022,60,5,8,16,17,20,14,16,16,9,6
04/26/2022,62,16,10,13,16,11,13,26,17,5,6
04/27/2022,68,17,11,26,17,23,16,17,18,5,6
04/28/2022,70,10,11,31,19,18,17,15,18,3,5
04/29/2022,69,19,13,19,19,15,16,18,17,6,5
04/30/2022,71,14,13,14,19,15,16,22,18,5,5
05/01/2022,73,9,13,19,20,14,17,17,19,3,5
05/02/2022,73,15,14,20,20,14,16,15,19,4,4
05/03/2022,76,19,15,23,22,19,17,23,18,6,5
05/04/2022,76,11,14,28,22,24,17,14,18,9,5
05/05/2022,79,23,16,23,21,20,17,24,19,11,6
05/06/2022,81,10,14,24,22,17,18,26,20,10,7
05/07/2022,82,15,15,21,23,16,18,14,19,10,8
05/08/2022,82,8,14,19,23,13,18,19,19,7,8
05/09/2022,87,15,14,27,24,26,19,24,21,9,9
05/10/2022,89,20,15,23,24,19,19,33,22,8,9
05/11/2022,91,28,17,35,25,13,18,22,23,5,9
05/12/2022,91,21,17,17,24,24,18,27,24,9,8
05/13/2022,96,23,19,40,26,21,19,30,24,9,8
05/14/2022,100,15,19,36,28,21,20,29,26,4,7
05/15/2022,102,20,20,18,28,11,19,26,27,9,8
05/16/2022,106,15,20,33,29,28,20,33,29,14,8
05/17/2022,108,28,21,26,29,31,21,24,27,13,9
05/18/2022,109,16,20,24,28,31,24,30,28,7,9
05/19/2022,106,11,18,20,28,13,22,22,28,11,10
05/20/2022,107,36,20,28,26,22,22,36,29,6,9
05/21/2022,111,36,23,36,26,18,22,27,28,14,11
05/22/2022,114,17,23,41,30,22,24,25,28,6,10
05/23/2022,116,19,23,42,31,34,24,32,28,7,9
05/24/2022,114,10,21,47,34,15,22,28,29,8,8
05/25/2022,118,25,22,48,37,23,21,29,28,8,9
05/26/2022,123,23,24,30,39,23,22,27,29,14,9
05/27/2022,118,20,21,27,39,13,21,23,27,7,9
05/28/2022,109,10,18,20,36,15,21,13,25,12,9
05/29/2022,106,14,17,37,36,11,19,17,24,8,9
05/30/2022,100,17,17,27,34,18,17,23,23,10,10
05/31/2022,102,21,19,28,31,26,18,36,24,9,10
06/01/2022,98,18,18,37,29,14,17,27,24,9,10
06/02/2022,97,20,17,29,29,25,17,31,24,10,9
06/03/2022,98,16,17,30,30,14,18,27,25,7,9
06/04/2022,97,8,16,21,30,10,17,16,25,10,9
06/05/2022,96,19,17,22,28,13,17,16,25,8,9
06/06/2022,99,21,18,34,29,21,18,32,26,9,9
06/07/2022,95,24,18,27,29,11,15,21,24,7,9
06/08/2022,97,21,18,46,30,19,16,30,25,7,8
06/09/2022,97,15,18,40,31,28,17,27,24,4,7
06/10/2022,98,19,18,35,32,14,17,28,24,6,7
06/11/2022,102,14,19,34,34,16,17,20,25,5,7
06/12/2022,102,15,18,22,34,15,18,25,26,1,6
06/13/2022,103,21,18,37,34,17,17,36,27,11,6
06/14/2022,106,21,18,28,35,23,19,33,28,11,6
06/15/2022,107,31,19,42,34,18,19,31,29,8,7
06/16/2022,109,24,21,35,33,30,19,31,29,8,7
06/17/2022,110,34,23,30,33,18,20,21,28,6,7
06/18/2022,109,22,24,28,32,10,19,19,28,4,7
06/19/2022,112,12,24,35,34,12,18,28,28,8,8
06/20/2022,111,19,23,37,34,20,19,32,28,9,8
06/21/2022,114,20,23,47,36,28,19,36,28,6,7
06/22/2022,115,27,23,36,35,34,22,30,28,10,7
06/23/2022,113,16,21,32,35,28,21,29,28,10,8
06/24/2022,119,32,21,56,39,24,22,27,29,8,8
06/25/2022,121,22,21,26,38,22,24,24,29,8,8
06/26/2022,125,16,22,38,39,19,25,41,31,5,8
06/27/2022,128,33,24,27,37,27,26,38,32,11,8
06/28/2022,126,24,24,34,36,24,25,30,31,13,9
06/29/2022,127,32,25,48,37,27,24,28,31,7,9
06/30/2022,133,52,30,38,38,28,24,34,32,10,9
07/01/2022,132,33,30,37,35,22,24,38,33,10,9
07/02/2022,135,19,30,21,35,34,26,40,36,6,9
07/03/2022,136,29,32,43,35,21,26,30,34,6,9
07/04/2022,134,16,29,32,36,26,26,38,34,7,8
07/05/2022,140,51,33,44,38,24,26,38,35,13,8
07/06/2022,146,44,35,46,37,30,26,48,38,17,10
07/07/2022,151,41,33,60,40,24,26,45,40,21,11
07/08/2022,154,32,33,49,42,29,27,43,40,12,12
07/09/2022,157,25,34,49,46,18,25,31,39,18,13
07/10/2022,160,19,33,43,46,28,26,44,41,14,15
07/11/2022,172,46,37,59,50,34,27,51,43,16,16
07/12/2022,177,42,36,56,52,37,29,51,45,14,16
07/13/2022,177,38,35,45,52,31,29,56,46,14,16
07/14/2022,175,39,34,49,50,26,29,51,47,13,14
07/15/2022,178,44,36,43,49,32,29,58,49,11,14
07/16/2022,180,38,38,37,47,39,32,32,49,11,13
07/17/2022,181,27,39,53,49,27,32,39,48,10,13
07/18/2022,181,39,38,67,50,30,32,52,48,18,13
07/19/2022,181,34,37,66,51,35,31,42,47,18,14
07/20/2022,182,43,38,54,53,37,32,45,46,15,14
07/21/2022,184,47,39,47,52,32,33,53,46,11,13
07/22/2022,179,23,36,47,53,31,33,43,44,12,14
07/23/2022,178,39,36,39,53,25,31,30,43,14,14
07/24/2022,174,32,37,34,51,27,31,30,42,5,13
07/25/2022,173,39,37,54,49,45,33,48,42,15,13
07/26/2022,169,40,38,45,46,32,33,39,41,10,12
07/27/2022,166,31,36,38,43,37,33,44,41,24,13
07/28/2022,159,39,35,34,42,26,32,34,38,10,13
07/29/2022,158,34,36,40,41,29,32,32,37,14,13
07/30/2022,156,29,35,39,41,25,32,35,37,5,12
07/31/2022,158,26,34,43,42,16,30,39,39,14,13
08/01/2022,153,22,32,53,42,40,29,36,37,14,13
08/02/2022,152,44,32,51,43,23,28,36,37,9,13
08/03/2022,152,44,34,53,45,25,26,37,36,14,11
08/04/2022,154,30,33,42,46,35,28,35,36,12,12
08/05/2022,158,41,34,46,47,38,29,39,37,13,12
08/06/2022,155,32,34,31,46,18,28,29,36,5,12
08/07/2022,153,27,34,31,44,24,29,26,34,13,11
08/08/2022,152,46,38,49,43,29,27,24,32,11,11
08/09/2022,152,41,37,41,42,33,29,39,33,11,11
08/10/2022,149,38,36,46,41,23,29,34,32,14,11
08/11/2022,149,34,37,43,41,33,28,36,32,7,11
08/12/2022,145,28,35,44,41,24,26,34,32,14,11
08/13/2022,141,18,33,32,41,19,26,20,30,4,11
08/14/2022,140,30,34,26,40,12,25,35,32,5,9
08/15/2022,138,32,32,49,40,19,23,31,33,14,10
08/16/2022,134,31,30,54,42,25,22,22,30,9,10
08/17/2022,133,30,29,58,44,16,21,35,30,5,8
08/18/2022,129,27,28,45,44,21,19,26,29,9,9
08/19/2022,126,36,29,31,42,26,20,22,27,8,8
08/20/2022,128,30,31,31,42,12,19,30,29,6,8
08/21/2022,127,14,29,39,44,15,19,27,28,7,8
08/22/2022,128,46,31,44,43,25,20,24,27,8,7
08/23/2022,126,32,31,30,40,28,20,29,28,9,7
08/24/2022,125,38,32,41,37,20,21,32,27,9,8
08/25/2022,125,23,31,46,37,20,21,30,28,4,7
08/26/2022,126,37,31,35,38,21,20,30,29,10,8
08/27/2022,126,27,31,31,38,12,20,30,29,6,8
08/28/2022,124,19,32,20,35,15,20,30,29,7,8
08/29/2022,124,33,30,44,35,20,19,39,31,8,8
08/30/2022,125,20,28,45,37,23,19,34,32,16,9
08/31/2022,119,20,26,25,35,23,19,26,31,6,8
09/01/2022,117,26,26,33,33,17,19,29,31,5,8
09/02/2022,115,28,25,45,35,20,19,19,30,5,8
09/03/2022,112,15,23,27,34,17,19,22,28,4,7
09/04/2022,110,16,23,24,35,14,19,22,27,2,7
09/05/2022,103,15,20,33,33,12,18,22,25,10,7
09/06/2022,100,32,22,29,31,13,17,38,25,5,5
09/07/2022,100,15,21,41,33,14,15,27,26,6,5
09/08/2022,100,22,20,34,33,19,16,30,26,3,5
09/09/2022,97,22,20,30,31,21,16,25,27,1,4
09/10/2022,98,16,20,26,31,18,16,23,27,7,5
09/11/2022,101,17,20,33,32,16,16,25,27,5,5
09/12/2022,104,18,20,35,33,22,18,31,28,8,5
09/13/2022,105,23,19,31,33,20,19,43,29,7,5
09/14/2022,107,25,20,40,33,11,18,36,30,6,5
09/15/2022,107,23,21,34,33,13,17,29,30,9,6
09/16/2022,105,19,20,23,32,13,16,22,30,9,7
09/17/2022,104,17,20,28,32,11,15,22,30,4,7
09/18/2022,104,17,20,31,32,11,14,25,30,9,7
09/19/2022,100,18,20,31,31,13,13,22,28,8,7
09/20/2022,100,27,21,34,32,21,13,36,27,6,7
09/21/2022,101,21,20,33,31,25,15,32,27,11,8
09/22/2022,100,21,20,29,30,8,15,33,27,12,8
09/23/2022,105,21,20,32,31,25,16,29,28,11,9
09/24/2022,106,22,21,22,30,15,17,25,29,5,9
09/25/2022,109,27,22,30,30,21,18,33,30,7,9
09/26/2022,116,26,24,35,31,16,19,43,33,17,10
09/27/2022,117,31,24,40,32,21,19,29,32,13,11
09/28/2022,119,22,24,44,33,18,18,37,33,14,11
09/29/2022,120,11,23,39,35,17,19,35,33,9,11
09/30/2022,121,24,23,33,35,20,18,34,34,14,11
10/01/2022,124,20,23,30,36,20,19,28,34,8,12
10/02/2022,122,16,21,34,36,20,19,26,33,11,12
10/03/2022,120,23,21,38,37,20,19,33,32,10,11
10/04/2022,122,31,21,40,37,22,20,39,33,15,12
10/05/2022,123,26,22,40,36,19,20,44,34,10,11
10/06/2022,126,16,22,33,35,34,22,39,35,9,11
10/07/2022,125,26,23,24,34,24,23,37,35,13,11
10/08/2022,123,16,22,16,32,12,22,36,36,10,11
10/09/2022,120,17,22,24,31,17,21,23,36,5,10
10/10/2022,118,19,22,25,29,24,22,33,36,9,10
10/11/2022,111,14,19,22,26,26,22,27,34,10,9
10/12/2022,107,24,19,37,26,15,22,26,32,5,9
10/13/2022,106,28,21,27,25,16,19,42,32,12,9
10/14/2022,105,27,21,22,25,25,19,26,30,17,10
10/15/2022,107,15,21,30,27,19,20,32,30,6,9
10/16/2022,105,11,20,18,26,13,20,25,30,8,10
10/17/2022,105,20,20,34,27,19,19,24,29,11,10
10/18/2022,107,19,21,32,29,27,19,32,30,5,9
10/19/2022,113,30,21,43,29,27,21,35,31,12,10
10/20/2022,114,27,21,35,31,24,22,36,30,15,11
10/21/2022,115,22,21,38,33,23,22,25,30,13,10
10/22/2022,118,21,21,41,34,18,22,28,29,12,11
10/23/2022,123,26,24,30,36,18,22,28,30,8,11
10/24/2022,127,32,25,41,37,21,23,35,31,8,10
10/25/2022,131,33,27,45,39,18,21,38,32,10,11
10/26/2022,132,29,27,50,40,25,21,41,33,7,10
10/27/2022,129,15,25,38,40,20,20,33,33,11,10
10/28/2022,128,26,26,39,41,17,20,30,33,6,9
10/29/2022,125,26,27,27,39,18,20,19,32,5,8
10/30/2022,127,16,25,46,41,24,20,33,33,10,8
10/31/2022,130,31,25,52,42,25,21,45,34,5,8
11/01/2022,132,32,25,44,42,23,22,42,35,14,8
11/02/2022,133,31,25,46,42,35,23,37,34,8,8
11/03/2022,136,31,28,36,41,24,24,43,36,9,8
11/04/2022,138,23,27,49,43,23,25,27,35,8,8
11/05/2022,143,25,27,40,45,20,25,35,37,7,9
11/06/2022,139,23,28,22,41,19,24,26,36,15,9
11/07/2022,138,35,29,46,40,24,24,40,36,3,9
11/08/2022,138,33,29,54,42,28,25,35,35,6,8
11/09/2022,133,30,29,38,41,25,23,22,33,8,8
11/10/2022,135,29,28,39,41,29,24,51,34,7,8
11/11/2022,138,34,30,39,40,32,25,43,36,7,8
11/12/2022,137,24,30,42,40,16,25,26,35,9,8
11/13/2022,138,27,30,30,41,22,25,26,35,9,7
11/14/2022,141,42,31,35,40,38,27,47,36,8,8
11/15/2022,140,35,32,44,38,23,26,40,36,5,8
11/16/2022,144,36,32,47,39,29,27,33,38,7,7
11/17/2022,144,23,32,55,42,26,27,41,37,11,8
11/18/2022,141,23,30,46,43,18,25,36,36,5,8
11/19/2022,137,13,28,30,41,21,25,22,35,5,7
11/20/2022,140,31,29,41,43,27,26,31,36,8,7
11/21/2022,140,32,28,43,44,38,26,51,36,7,7
11/22/2022,142,29,27,36,43,33,27,53,38,6,7
11/23/2022,145,34,26,49,43,33,28,49,40,8,7
11/24/2022,142,23,26,38,40,22,27,43,41,8,7
11/25/2022,150,38,29,57,42,27,29,51,43,11,8
11/26/2022,162,34,32,57,46,37,31,41,46,5,8
11/27/2022,169,33,32,64,49,35,32,49,48,10,8
11/28/2022,174,42,33,67,53,31,31,53,48,15,9
11/29/2022,181,48,36,69,57,28,30,54,49,6,9
11/30/2022,190,51,38,71,60,32,30,70,52,7,9
12/01/2022,198,45,42,52,62,33,32,51,53,10,9
12/02/2022,200,48,43,55,62,38,33,50,53,7,9
12/03/2022,202,38,44,60,63,38,34,49,54,8,9
12/04/2022,198,45,45,33,58,33,33,43,53,6,8
12/05/2022,200,54,47,66,58,35,34,51,53,14,8
12/06/2022,199,45,47,60,57,28,34,53,52,16,10
12/07/2022,199,38,45,67,56,46,36,66,52,9,10
12/08/2022,199,45,45,53,56,30,35,50,52,17,11
12/09/2022,198,37,43,62,57,32,35,47,51,9,11
12/10/2022,196,34,43,67,58,24,33,43,50,11,12
12/11/2022,195,25,40,45,60,25,31,47,51,11,12
12/12/2022,193,45,38,73,61,37,32,44,50,10,12
12/13/2022,197,51,39,61,61,48,35,57,51,11,11
12/14/2022,197,47,41,59,60,39,34,72,51,11,11
12/15/2022,199,41,40,55,60,44,36,60,53,10,10
12/16/2022,205,48,42,64,61,29,35,63,55,25,13
12/17/2022,203,32,41,44,57,21,35,52,56,13,13
12/18/2022,206,40,43,49,58,32,36,42,56,16,14
12/19/2022,209,42,43,54,55,51,38,52,57,28,16
12/20/2022,204,45,42,57,55,29,35,51,56,13,17
12/21/2022,202,40,41,59,55,39,35,59,54,16,17
12/22/2022,203,38,41,73,57,32,33,57,54,16,18
12/23/2022,198,34,39,52,55,34,34,56,53,18,17
12/24/2022,195,30,38,48,56,21,34,30,50,11,17
12/25/2022,193,40,38,41,55,31,34,38,49,13,16
12/26/2022,187,35,37,52,55,39,32,51,49,14,14
12/27/2022,193,42,37,55,54,36,33,71,52,28,17
12/28/2022,198,51,39,71,56,34,32,70,53,24,18
12/29/2022,200,49,40,61,54,43,34,59,54,19,18
12/30/2022,208,60,44,51,54,58,37,64,55,18,18
12/31/2022,216,45,46,44,54,33,39,57,59,14,19
01/01/2023,224,46,47,55,56,35,40,59,62,23,20
01/02/2023,224,40,48,54,56,34,39,47,61,17,20
01/03/2023,225,48,48,56,56,39,39,87,63,11,18
01/04/2023,219,38,47,69,56,25,38,55,61,19,17
01/05/2023,219,48,46,61,56,39,38,63,62,21,18
01/06/2023,210,28,42,51,56,31,34,64,62,13,17
01/07/2023,206,35,40,41,55,28,33,48,60,14,17
01/08/2023,195,25,37,40,53,31,32,34,57,12,15
01/09/2023,197,28,36,63,54,28,32,64,59,20,16
01/10/2023,188,23,32,55,54,43,32,52,54,9,15
01/11/2023,184,41,33,44,51,27,32,50,54,11,14
01/12/2023,171,32,30,42,48,23,30,42,51,7,12
01/13/2023,169,39,32,41,47,29,30,53,49,12,12
01/14/2023,165,28,31,28,45,24,29,40,48,15,12
01/15/2023,159,25,31,23,42,25,28,19,46,9,12
01/16/2023,152,35,32,42,39,19,27,42,43,13,11
01/17/2023,149,34,33,47,38,20,24,49,42,15,12
01/18/2023,148,32,32,42,38,33,25,47,42,7,11
01/19/2023,146,35,33,39,37,25,25,29,40,10,12
01/20/2023,141,31,31,29,36,36,26,25,36,14,12
01/21/2023,138,29,32,32,36,15,25,32,35,5,10
01/22/2023,139,21,31,33,38,18,24,24,35,11,11
01/23/2023,138,32,31,39,37,27,25,39,35,11,10
01/24/2023,131,34,31,32,35,16,24,29,32,2,9
01/25/2023,125,21,29,39,35,20,22,29,30,10,9
01/26/2023,121,25,28,29,33,18,21,27,29,13,9
01/27/2023,116,24,27,29,33,17,19,24,29,9,9
01/28/2023,116,19,25,36,34,17,19,24,28,11,10
01/29/2023,113,20,25,32,34,13,18,17,27,9,9
01/30/2023,111,22,24,45,35,22,18,31,26,10,9
01/31/2023,111,26,22,35,35,18,18,32,26,5,10
02/01/2023,108,15,22,29,34,19,18,23,25,14,10
02/02/2023,107,23,21,26,33,21,18,23,25,11,10
02/03/2023,107,21,21,35,34,12,17,21,24,14,11
02/04/2023,104,17,21,23,32,16,17,21,24,6,10
02/05/2023,104,21,21,26,31,21,18,22,25,4,9
02/06/2023,102,28,22,31,29,12,17,32,25,10,9
02/07/2023,100,30,22,19,27,17,17,26,24,11,10
02/08/2023,97,19,23,16,25,21,17,20,24,5,9
02/09/2023,96,20,22,20,24,22,17,22,23,9,8
02/10/2023,94,14,21,25,23,19,18,24,24,6,7
02/11/2023,92,18,21,22,23,15,18,12,23,5,7
02/12/2023,88,14,20,23,22,6,16,15,22,6,7
02/13/2023,86,17,19,29,22,19,17,29,21,8,7
02/14/2023,79,7,16,20,22,10,16,11,19,8,7
02/15/2023,79,12,15,23,23,18,16,21,19,7,7
02/16/2023,78,20,15,27,24,10,14,17,18,10,7
02/17/2023,75,14,15,16,23,10,13,21,18,5,7
02/18/2023,73,9,13,18,22,13,12,15,18,4,7
02/19/2023,72,14,13,18,22,10,13,11,18,5,7
02/20/2023,69,13,13,29,22,12,12,19,16,4,6
02/21/2023,69,17,14,17,21,11,12,10,16,1,5
02/22/2023,65,16,15,17,20,5,10,12,15,7,5
02/23/2023,60,7,13,10,18,14,11,6,13,10,5
02/24/2023,59,9,12,16,18,10,11,18,13,5,5
02/25/2023,57,6,12,13,17,8,10,14,13,4,5
02/26/2023,54,6,11,11,16,4,9,12,13,3,5
02/27/2023,49,5,9,17,14,2,8,16,13,2,5
02/28/2023,46,5,8,9,13,8,7,8,12,5,5
03/01/2023,43,7,6,13,13,9,8,6,11,3,5
03/02/2023,42,5,6,13,13,7,7,8,12,4,4
03/03/2023,40,8,6,17,13,4,6,12,11,4,4
03/04/2023,38,6,6,12,13,6,6,5,10,4,4
03/05/2023,36,9,6,5,12,3,6,4,8,2,3
03/06/2023,37,7,7,14,12,9,7,12,8,6,4
03/07/2023,38,4,7,7,12,13,7,7,8,9,5
03/08/2023,38,8,7,11,11,10,7,10,8,2,4
03/09/2023,38,3,6,5,10,11,8,10,9,4,4
03/10/2023,36,7,6,8,9,6,8,8,8,5,5
03/11/2023,36,4,6,9,8,7,8,6,8,4,5
03/12/2023,35,4,5,12,9,2,8,2,8,0,4
03/13/2023,33,6,5,14,9,11,9,3,7,1,4
03/14/2023,31,7,6,7,9,1,7,5,6,2,3
03/15/2023,28,7,5,9,9,2,6,1,5,2,3
03/16/2023,27,9,6,7,9,8,5,2,4,4,3
03/17/2023,27,2,6,11,10,8,6,5,3,4,2
03/18/2023,26,2,5,7,10,10,6,7,4,0,2
03/19/2023,27,3,5,6,9,8,7,8,4,2,2
03/20/2023,26,2,5,8,8,5,6,7,5,1,2
03/21/2023,27,8,5,7,8,8,7,6,5,3,2
03/22/2023,27,2,4,5,7,8,8,3,5,2,2
03/23/2023,27,5,3,13,8,8,8,4,6,2,2
03/24/2023,27,6,4,4,7,3,7,12,7,1,2
03/25/2023,27,3,4,11,8,5,6,5,6,2,2
03/26/2023,26,2,4,6,8,6,6,5,6,1,2
03/27/2023,26,3,4,5,7,7,6,10,6,2,2
03/28/2023,26,7,4,11,8,6,6,6,6,3,2
03/29/2023,29,9,5,11,9,7,6,8,7,1,2
03/30/2023,28,6,5,9,8,11,6,5,7,0,1
03/31/2023,29,9,6,8,9,3,6,8,7,1,1
04/01/2023,28,4,6,7,8,5,6,6,7,0,1
04/02/2023,28,5,6,5,8,1,6,6,7,1,1
04/03/2023,28,6,7,11,9,5,5,4,6,3,1
04/04/2023,29,7,7,13,9,7,6,8,6,5,2
04/05/2023,28,4,6,9,9,7,6,7,6,3,2
04/06/2023,28,6,6,9,9,4,5,7,7,3,2
04/07/2023,27,8,6,5,8,2,4,5,6,0,2
04/08/2023,26,2,5,6,8,1,4,4,6,2,2
04/09/2023,25,1,5,5,8,2,4,4,6,0,2
04/10/2023,25,9,5,7,8,4,4,12,7,0,2
04/11/2023,25,4,5,9,7,12,5,8,7,3,2
04/12/2023,25,5,5,7,7,5,4,10,7,3,2
04/13/2023,25,7,5,4,6,4,4,10,8,3,2
04/14/2023,25,3,4,8,7,4,5,6,8,1,2
04/15/2023,27,3,5,6,7,9,6,7,8,1,2
04/16/2023,28,4,5,6,7,5,6,6,8,1,2
04/17/2023,28,5,4,13,8,6,6,5,7,4,2
04/18/2023,26,5,5,2,7,6,6,6,7,2,2
04/19/2023,25,5,5,3,6,5,6,7,7,0,2
04/20/2023,24,3,4,8,7,3,5,7,6,0,1
04/21/2023,24,6,4,6,6,3,5,7,6,1,1
04/22/2023,22,3,4,2,6,6,5,3,6,3,2
04/23/2023,22,2,4,6,6,3,5,5,6,2,2
04/24/2023,21,7,4,7,5,9,5,4,6,2,1
04/25/2023,21,10,5,5,5,3,5,3,5,1,1
04/26/2023,22,4,5,9,6,3,4,5,5,3,2
04/27/2023,23,3,5,6,6,10,5,5,5,1,2
04/28/2023,22,5,5,7,6,4,5,3,4,1,2
04/29/2023,22,2,5,6,7,2,5,4,4,0,1
04/30/2023,21,3,5,2,6,5,5,2,4,1,1
05/01/2023,21,9,5,5,6,9,5,3,4,1,1
05/02/2023,20,5,4,6,6,1,5,3,4,1,1
05/03/2023,20,3,4,5,5,3,5,11,4,1,1
05/04/2023,19,6,5,3,5,5,4,1,4,3,1
05/05/2023,18,5,5,5,5,3,4,3,4,1,1
05/06/2023,18,4,5,5,4,3,4,3,4,0,1
05/07/2023,20,9,6,6,5,5,4,4,4,0,1
05/08/2023,20,11,6,5,5,7,4,1,4,1,1
05/09/2023,21,10,7,8,5,1,4,4,4,3,1
05/10/2023,21,7,7,4,5,2,4,4,3,2,1
05/11/2023,23,15,9,5,5,9,4,3,3,1,1
05/12/2023,23,7,9,9,6,4,4,2,3,0,1
05/13/2023,24,5,9,8,6,3,4,3,3,1,1
05/14/2023,23,3,8,8,7,3,4,2,3,1,1
05/15/2023,22,6,8,2,6,7,4,4,3,0,1
05/16/2023,21,3,7,5,6,6,5,3,3,2,1
05/17/2023,22,5,6,5,6,5,5,6,3,2,1
05/18/2023,21,7,5,4,6,5,5,8,4,1,1
05/19/2023,21,4,5,8,6,4,5,9,5,2,1
05/20/2023,21,4,5,4,5,2,5,9,6,1,1
05/21/2023,21,2,4,3,4,6,5,3,6,0,1
05/22/2023,24,7,5,11,6,10,5,8,7,1,1
05/23/2023,24,1,4,9,6,7,6,7,7,0,1
05/24/2023,25,5,4,5,6,8,6,8,7,0,1
05/25/2023,24,7,4,3,6,7,6,5,7,0,1
05/26/2023,23,4,4,8,6,2,6,3,6,1,0
05/27/2023,22,5,4,5,6,1,6,4,5,0,0
05/28/2023,24,4,5,4,6,7,6,9,6,0,0
05/29/2023,22,10,5,2,5,5,5,5,6,2,0
05/30/2023,21,2,5,5,5,6,5,6,6,0,0
05/31/2023,21,3,5,7,5,4,5,8,6,1,1
06/01/2023,22,6,5,6,5,9,5,8,6,4,1
06/02/2023,23,9,6,4,5,4,5,7,7,1,1
06/03/2023,24,2,5,4,5,5,6,8,7,2,1
06/04/2023,24,4,5,5,5,3,5,7,7,1,2
06/05/2023,24,5,4,12,6,3,5,7,7,2,2
06/06/2023,24,4,5,8,7,1,4,6,7,1,2
06/07/2023,25,7,5,11,7,2,4,6,7,2,2
06/08/2023,23,3,5,4,7,5,3,4,6,1,1
06/09/2023,24,4,4,8,7,6,4,9,7,3,2
06/10/2023,24,5,5,6,8,3,3,11,7,2,2
06/11/2023,24,2,4,7,8,3,3,5,7,0,2
06/12/2023,24,6,4,7,7,6,4,5,7,2,2
06/13/2023,25,9,5,10,8,5,4,7,7,1,2
06/14/2023,24,6,5,2,6,4,5,9,7,1,1
06/15/2023,24,5,5,3,6,1,4,5,7,1,1
06/16/2023,22,2,5,4,6,2,3,3,6,2,1
06/17/2023,21,7,5,7,6,5,4,6,6,0,1
06/18/2023,21,4,6,3,5,4,4,5,6,0,1
06/19/2023,21,2,5,8,5,6,4,5,6,0,1
06/20/2023,20,5,4,10,5,4,4,9,6,1,1
06/21/2023,20,5,4,2,5,3,4,6,6,2,1
06/22/2023,19,3,4,5,6,1,4,4,5,1,1
06/23/2023,21,5,4,7,6,4,4,4,6,1,1
06/24/2023,20,4,4,3,5,3,4,6,6,2,1
06/25/2023,20,2,4,3,5,7,4,5,6,0,1
06/26/2023,19,1,4,9,6,5,4,3,5,0,1
06/27/2023,18,5,4,8,5,0,3,3,4,1,1
06/28/2023,18,6,4,3,5,2,3,8,5,0,1
06/29/2023,18,3,4,6,6,3,3,4,5,0,1
06/30/2023,18,3,3,6,5,4,3,5,5,0,0
07/01/2023,17,3,3,5,6,2,3,4,5,0,0
07/02/2023,18,4,4,10,7,4,3,5,5,3,1
07/03/2023,19,8,5,10,7,1,2,2,4,0,1
07/04/2023,18,3,4,4,6,2,3,2,4,1,1
07/05/2023,19,5,4,9,7,7,3,2,3,2,1
07/06/2023,20,2,4,9,8,7,4,5,4,0,1
07/07/2023,21,9,5,2,7,2,4,6,4,5,2
07/08/2023,21,3,5,7,7,3,4,4,4,0,2
07/09/2023,19,3,5,3,6,5,4,2,3,0,1
07/10/2023,20,4,4,11,6,3,4,11,5,0,1
07/11/2023,21,3,4,2,6,3,4,6,5,0,1
07/12/2023,20,5,4,7,6,4,4,7,6,0,1
07/13/2023,20,2,4,9,6,3,3,6,6,2,1
07/14/2023,21,4,3,10,7,9,4,6,6,1,0
07/15/2023,21,9,4,2,6,1,4,3,6,1,1
07/16/2023,23,5,5,9,7,8,4,5,6,0,1
07/17/2023,23,7,5,10,7,3,4,7,6,2,1
07/18/2023,25,6,5,10,8,8,5,7,6,0,1
07/19/2023,27,11,6,11,9,3,5,6,6,1,1
07/20/2023,29,10,7,10,9,6,5,9,6,0,1
07/21/2023,29,10,8,11,9,6,5,3,6,1,1
07/22/2023,31,4,8,7,10,9,6,10,7,2,1
07/23/2023,30,6,8,9,10,3,5,5,7,0,1
07/24/2023,31,7,8,10,10,3,5,14,8,0,1
07/25/2023,32,11,8,7,9,8,5,9,8,1,1
07/26/2023,32,9,8,19,10,3,5,5,8,0,1
07/27/2023,32,6,8,15,11,7,6,7,8,0,1
07/28/2023,33,12,8,9,11,1,5,11,9,0,0
07/29/2023,33,13,9,4,10,3,4,12,9,0,0
07/30/2023,35,6,9,9,10,16,6,10,10,0,0
07/31/2023,38,9,9,14,11,17,8,14,10,2,0
08/01/2023,39,7,9,7,11,11,8,10,10,3,1
08/02/2023,40,11,9,14,10,9,9,9,10,1,1
08/03/2023,43,11,10,19,11,12,10,13,11,4,1
08/04/2023,46,14,10,8,11,14,12,12,11,1,2
08/05/2023,48,8,9,16,12,9,13,14,12,3,2
08/06/2023,49,7,10,15,13,10,12,12,12,1,2
08/07/2023,49,11,10,18,14,17,12,13,12,0,2
08/08/2023,53,15,11,22,16,12,12,15,13,2,2
08/09/2023,52,10,11,16,16,4,11,7,12,2,2
08/10/2023,53,9,11,17,16,17,12,15,13,2,2
08/11/2023,54,16,11,10,16,16,12,20,14,0,1
08/12/2023,54,13,12,13,16,7,12,9,13,6,2
08/13/2023,54,16,13,3,14,12,12,10,13,4,2
08/14/2023,55,18,14,21,15,17,12,10,12,2,3
08/15/2023,56,16,14,15,14,16,13,17,13,5,3
08/16/2023,58,13,14,7,12,13,14,15,14,4,3
08/17/2023,58,18,16,16,12,8,13,16,14,2,3
08/18/2023,60,20,16,22,14,11,12,21,14,4,4
08/19/2023,61,17,17,14,14,14,13,8,14,3,3
08/20/2023,64,11,16,16,16,12,13,17,15,7,4
08/21/2023,63,17,16,15,15,8,12,19,16,2,4
08/22/2023,61,10,15,15,15,18,12,13,16,3,4
08/23/2023,66,25,17,24,17,12,12,20,16,6,4
08/24/2023,66,13,16,17,18,9,12,16,16,1,4
08/25/2023,64,11,15,23,18,13,12,20,16,1,3
08/26/2023,64,19,15,15,18,7,11,11,17,2,3
08/27/2023,63,20,16,14,18,8,11,12,16,4,3
08/28/2023,65,22,17,14,17,16,12,13,15,5,3
08/29/2023,67,25,19,18,18,15,11,14,15,2,3
08/30/2023,66,20,19,20,17,15,12,27,16,2,2
08/31/2023,66,11,18,20,18,8,12,16,16,1,2
09/01/2023,66,19,19,18,17,11,11,17,16,4,3
09/02/2023,69,15,19,20,18,15,13,21,17,3,3
09/03/2023,70,17,18,15,18,12,13,16,18,0,2
09/04/2023,70,19,18,18,18,10,12,24,19,5,2
09/05/2023,74,32,19,26,20,15,12,21,20,6,3
09/06/2023,74,17,19,19,19,21,13,25,20,2,3
09/07/2023,79,19,20,25,20,21,15,19,20,5,4
09/08/2023,81,20,20,33,22,14,15,19,21,1,3
09/09/2023,81,24,21,24,23,10,15,14,20,2,3
09/10/2023,83,21,22,17,23,14,15,18,20,3,3
09/11/2023,84,18,22,29,25,9,15,20,19,5,3
09/12/2023,80,20,20,22,24,15,15,11,18,2,3
09/13/2023,78,11,19,16,24,20,15,23,18,1,3
09/14/2023,76,19,19,21,23,12,13,18,18,8,3
09/15/2023,72,12,18,15,21,10,13,21,18,1,3
09/16/2023,72,12,16,25,21,13,13,22,19,2,3
09/17/2023,72,17,16,17,21,9,13,25,20,4,3
09/18/2023,73,19,16,21,20,17,14,21,20,6,3
09/19/2023,74,17,15,21,19,15,14,21,22,5,4
09/20/2023,77,28,18,25,21,17,13,22,21,4,4
09/21/2023,78,13,17,24,21,17,14,19,22,7,4
09/22/2023,80,19,18,21,22,17,15,14,21,3,4
09/23/2023,80,18,19,25,22,10,15,14,19,5,5
09/24/2023,80,17,19,20,22,11,15,21,19,3,5
09/25/2023,81,29,20,25,23,16,15,20,19,3,4
09/26/2023,82,22,21,28,24,14,15,16,18,4,4
09/27/2023,78,12,19,24,24,14,14,18,17,4,4
09/28/2023,77,13,19,34,25,10,13,13,17,4,4
09/29/2023,77,23,19,22,25,12,12,12,16,5,4
09/30/2023,77,14,19,14,24,18,14,18,17,7,4
10/01/2023,76,14,18,17,23,13,14,17,16,3,4
10/02/2023,75,14,16,25,23,17,14,26,17,4,4
10/03/2023,75,24,16,23,23,17,14,14,17,3,4
10/04/2023,73,14,17,19,22,11,14,12,16,7,5
10/05/2023,71,14,17,13,19,11,14,13,16,7,5
10/06/2023,68,13,15,13,18,14,14,6,15,8,6
10/07/2023,65,11,15,9,17,12,14,13,14,4,5
10/08/2023,63,11,14,13,16,6,13,16,14,2,5
10/09/2023,59,18,15,17,15,6,11,18,13,3,5
10/10/2023,54,11,13,11,14,10,10,11,13,2,5
10/11/2023,53,14,13,16,13,12,10,9,12,6,5
10/12/2023,53,14,13,12,13,11,10,14,12,3,4
10/13/2023,52,10,13,18,14,11,10,9,13,2,3
10/14/2023,52,11,13,14,14,8,9,10,12,3,3
10/15/2023,52,7,12,14,15,14,10,14,12,3,3
10/16/2023,51,18,12,13,14,6,10,13,11,3,3
10/17/2023,51,11,12,15,15,7,10,9,11,0,3
10/18/2023,52,18,13,18,15,11,10,13,12,4,3
10/19/2023,52,12,12,21,16,8,9,13,12,3,3
10/20/2023,54,15,13,19,16,13,10,11,12,6,3
10/21/2023,54,5,12,18,17,9,10,13,12,2,3
10/22/2023,52,18,14,9,16,4,8,8,11,1,3
10/23/2023,52,13,13,10,16,13,9,8,11,3,3
10/24/2023,54,14,14,16,16,16,11,11,11,0,3
10/25/2023,52,13,13,16,16,12,11,8,10,1,2
10/26/2023,51,7,12,15,15,11,11,18,11,3,2
10/27/2023,49,9,11,14,14,9,11,11,11,2,2
10/28/2023,49,11,12,19,14,5,10,14,11,0,1
10/29/2023,48,9,11,13,15,3,10,5,11,4,2
10/30/2023,47,11,11,9,15,8,9,8,11,1,2
10/31/2023,44,14,11,12,14,5,8,7,10,3,2
11/01/2023,42,8,10,11,13,3,6,7,10,2,2
11/02/2023,37,5,10,7,12,3,5,6,8,0,2
11/03/2023,37,8,9,17,13,7,5,9,8,3,2
11/04/2023,33,12,10,7,11,1,4,5,7,1,2
11/05/2023,34,12,10,14,11,1,4,7,7,3,2
11/06/2023,33,8,10,7,11,3,3,11,7,5,2
11/07/2023,34,6,8,10,10,8,4,20,9,1,2
11/08/2023,36,9,9,13,11,10,5,6,9,9,3
11/09/2023,38,7,9,6,11,7,5,9,10,3,4
11/10/2023,38,13,10,4,9,8,5,9,10,8,4
11/11/2023,37,6,9,4,8,4,6,7,10,2,4
11/12/2023,36,5,8,9,8,10,7,2,9,4,5
11/13/2023,36,6,7,4,7,11,8,10,9,1,4
11/14/2023,35,8,8,11,7,7,8,9,7,2,4
11/15/2023,34,12,8,12,7,7,8,10,8,2,3
11/16/2023,36,11,9,15,8,6,8,7,8,7,4
11/17/2023,36,6,8,14,10,11,8,10,8,1,3
11/18/2023,39,6,8,13,11,7,8,12,9,7,3
11/19/2023,41,7,8,13,12,7,8,10,10,4,3
11/20/2023,43,8,8,16,13,6,7,14,10,6,4
11/21/2023,46,12,9,18,14,9,8,9,10,7,5
11/22/2023,45,11,9,9,14,6,7,9,10,2,5
11/23/2023,44,8,8,13,14,6,7,10,11,1,4
11/24/2023,47,10,9,25,15,15,8,10,11,0,4
11/25/2023,47,13,10,10,15,10,8,15,11,2,3
11/26/2023,49,10,10,14,15,10,9,14,12,6,3
11/27/2023,51,15,11,16,15,16,10,14,12,4,3
11/28/2023,51,15,12,19,15,7,10,10,12,4,3
11/29/2023,54,13,12,15,16,5,10,21,13,1,3
11/30/2023,56,11,12,22,17,9,10,9,13,4,3
12/01/2023,57,11,13,15,16,20,11,12,14,7,4
12/02/2023,58,13,13,11,16,11,11,15,14,5,4
12/03/2023,58,13,13,9,15,15,12,10,13,8,5
12/04/2023,58,14,13,13,15,19,12,18,14,5,5
12/05/2023,60,17,13,21,15,9,13,11,14,7,5
12/06/2023,63,14,13,28,17,14,14,21,14,3,6
12/07/2023,64,20,15,19,17,10,14,8,14,1,5
12/08/2023,63,11,15,26,18,7,12,14,14,3,5
12/09/2023,66,14,15,18,19,16,13,18,14,5,5
12/10/2023,67,18,15,17,20,14,13,11,14,3,4
12/11/2023,66,22,17,14,20,11,12,15,14,3,4
12/12/2023,70,17,17,25,21,23,14,22,16,6,3
12/13/2023,70,21,18,24,20,14,14,17,15,1,3
12/14/2023,73,20,18,23,21,15,14,17,16,9,4
12/15/2023,79,30,20,35,22,16,16,19,17,3,4
12/16/2023,84,34,23,25,23,21,16,19,17,6,4
12/17/2023,89,18,23,38,26,17,17,18,18,6,5
12/18/2023,94,20,23,28,28,18,18,31,20,2,5
12/19/2023,99,25,24,36,30,31,19,30,22,8,5
12/20/2023,106,26,25,41,32,27,21,24,23,6,6
12/21/2023,109,23,25,36,34,17,21,26,24,6,5
12/22/2023,107,30,25,26,33,17,21,13,23,3,5
12/23/2023,108,34,25,31,34,17,21,23,24,5,5
12/24/2023,111,30,27,30,33,26,22,23,24,5,5
12/25/2023,114,19,27,50,36,24,23,25,23,2,5
12/26/2023,118,40,29,47,37,38,24,26,23,9,5
12/27/2023,120,40,31,39,37,27,24,25,23,10,6
12/28/2023,129,32,32,53,39,31,26,44,26,11,6
12/29/2023,141,25,31,45,42,40,29,42,30,17,8
12/30/2023,146,23,30,44,44,29,31,41,32,9,9
12/31/2023,147,28,30,38,45,21,30,21,32,11,10
01/01/2024,150,31,31,44,44,30,31,29,33,8,11
01/02/2024,153,45,32,61,46,38,31,25,32,11,11
01/03/2024,156,29,30,52,48,36,32,39,34,8,11
01/04/2024,157,49,33,40,46,33,32,44,34,12,11
01/05/2024,155,33,34,41,46,38,32,37,34,5,9
01/06/2024,153,22,34,46,46,27,32,30,32,7,9
01/07/2024,153,19,33,45,47,22,32,23,32,10,9
01/08/2024,156,33,33,63,50,30,32,29,32,13,9
01/09/2024,152,29,31,55,49,24,30,30,33,10,9
01/10/2024,148,33,31,45,48,32,29,22,31,7,9
01/11/2024,146,37,29,50,49,26,28,36,30,11,9
01/12/2024,148,47,31,53,51,30,27,26,28,11,10
01/13/2024,148,31,33,42,50,18,26,35,29,10,10
01/14/2024,147,19,33,36,49,24,26,20,28,12,11
01/15/2024,141,28,32,45,47,22,25,23,27,11,10
01/16/2024,137,27,32,30,43,23,25,28,27,8,10
01/17/2024,132,16,29,43,43,17,23,22,27,10,10
01/18/2024,125,31,28,35,41,16,21,20,25,5,10
01/19/2024,117,34,27,37,38,12,19,28,25,4,9
01/20/2024,111,21,25,26,36,20,19,22,23,3,8
01/21/2024,108,22,26,31,35,15,18,17,23,5,7
01/22/2024,107,25,25,49,36,16,17,23,23,7,6
01/23/2024,106,24,25,36,37,16,16,25,22,6,6
01/24/2024,106,31,27,31,35,19,16,22,22,6,5
01/25/2024,103,16,25,30,34,16,16,22,23,5,5
01/26/2024,100,21,23,29,33,20,17,17,21,6,5
01/27/2024,98,19,23,22,33,11,16,24,21,4,6
01/28/2024,97,20,22,27,32,14,16,15,21,8,6
01/29/2024,96,23,22,35,30,15,16,27,22,9,6
01/30/2024,95,23,22,31,29,14,16,21,21,10,7
01/31/2024,91,20,20,23,28,13,15,18,21,7,7
02/01/2024,88,15,20,20,27,13,14,20,20,2,7
02/02/2024,85,16,19,27,26,13,13,16,20,2,6
02/03/2024,82,5,17,22,26,11,13,15,19,2,6
02/04/2024,77,9,16,20,25,7,12,12,18,6,5
02/05/2024,74,11,14,34,25,17,13,25,18,1,4
02/06/2024,72,19,14,23,24,13,12,22,18,4,3
02/07/2024,71,16,13,28,25,15,13,17,18,2,3
02/08/2024,72,12,13,25,26,13,13,17,18,5,3
02/09/2024,73,17,13,27,26,13,13,21,18,4,3
02/10/2024,74,14,14,18,25,11,13,15,18,6,4
02/11/2024,75,14,15,21,25,10,13,13,19,3,4
02/12/2024,74,15,15,30,25,16,13,17,17,5,4
02/13/2024,71,8,14,27,25,5,12,16,17,4,4
02/14/2024,70,11,13,18,24,8,11,24,18,6,5
02/15/2024,68,10,13,21,23,10,10,19,18,1,4
02/16/2024,65,10,12,17,22,8,10,17,17,6,4
02/17/2024,62,12,11,8,20,6,9,15,17,1,4
02/18/2024,61,13,11,14,19,12,9,10,17,6,4
02/19/2024,57,12,11,23,18,10,8,7,15,3,4
02/20/2024,56,11,11,20,17,5,8,19,16,1,3
02/21/2024,56,10,11,22,18,14,9,20,15,2,3
02/22/2024,55,4,10,11,16,17,10,16,15,1,3
02/23/2024,54,10,10,20,17,8,10,9,14,3,2
02/24/2024,52,4,9,13,18,7,10,6,12,4,3
02/25/2024,50,9,9,8,17,7,10,12,13,1,2
02/26/2024,50,9,8,21,16,8,9,16,14,2,2
02/27/2024,49,8,8,18,16,5,9,18,14,3,2
02/28/2024,45,7,7,6,14,7,8,12,13,5,3
02/29/2024,44,9,8,14,14,2,6,13,12,2,3
03/01/2024,44,9,8,25,15,4,6,14,13,3,3
03/02/2024,43,2,8,8,14,6,6,8,13,3,3
03/03/2024,43,8,7,10,15,6,5,8,13,3,3
03/04/2024,42,4,7,12,13,8,5,19,13,3,3
03/05/2024,39,5,6,14,13,6,6,6,11,0,3
03/06/2024,38,7,6,12,14,5,5,8,11,1,2
03/07/2024,36,5,6,5,12,1,5,7,10,4,2
03/08/2024,32,4,5,9,10,2,5,8,9,5,3
03/09/2024,31,3,5,11,10,0,4,5,9,0,2
03/10/2024,29,3,4,9,10,4,4,3,8,2,2
03/11/2024,27,10,5,10,10,5,3,8,6,4,2
03/12/2024,27,5,5,7,9,1,3,12,7,2,3
03/13/2024,26,9,6,7,8,7,3,6,7,0,2
03/14/2024,27,4,5,13,9,8,4,4,7,0,2
03/15/2024,26,6,6,5,9,4,4,7,6,1,1
03/16/2024,27,7,6,9,9,2,4,6,7,1,1
03/17/2024,27,3,6,5,8,3,4,5,7,1,1
03/18/2024,26,10,6,6,7,2,4,6,7,5,1
03/19/2024,24,6,6,3,7,4,4,6,6,0,1
03/20/2024,24,4,6,12,8,9,5,3,5,1,1
03/21/2024,23,0,5,7,7,3,4,11,6,0,1
03/22/2024,22,4,5,7,7,1,3,5,6,0,1
03/23/2024,21,2,4,5,6,4,4,4,6,1,1
03/24/2024,21,3,4,4,6,4,4,3,5,1,1
03/25/2024,20,2,3,11,7,6,4,5,5,2,1
03/26/2024,21,2,2,11,8,3,4,10,6,0,1
03/27/2024,20,0,2,7,7,1,3,7,6,1,1
03/28/2024,20,4,2,5,7,5,3,7,6,1,1
03/29/2024,20,5,3,7,7,4,4,6,6,0,1
03/30/2024,20,3,3,4,7,2,4,5,6,1,1
03/31/2024,20,1,2,3,7,4,4,4,6,3,1
04/01/2024,19,3,3,8,6,1,3,7,7,1,1
04/02/2024,19,3,3,13,7,1,3,6,6,0,1
04/03/2024,21,5,3,7,7,7,3,7,6,1,1
04/04/2024,20,4,3,7,7,6,4,3,5,0,1
04/05/2024,20,2,3,7,7,5,4,5,5,2,1
04/06/2024,21,3,3,10,8,1,4,4,5,3,1
04/07/2024,21,1,3,5,8,3,3,2,5,1,1
04/08/2024,20,1,3,6,8,5,4,1,4,1,1
04/09/2024,19,1,2,7,7,3,4,7,4,0,1
04/10/2024,19,9,3,9,7,2,4,6,4,1,1
04/11/2024,20,8,4,12,8,3,3,5,4,1,1
04/12/2024,20,2,4,6,8,3,3,7,5,1,1
04/13/2024,19,5,4,4,7,3,3,4,5,0,1
04/14/2024,20,2,4,6,7,3,3,3,5,1,1
04/15/2024,21,5,5,9,8,5,3,2,5,1,1
04/16/2024,20,3,5,3,7,4,3,4,4,1,1
04/17/2024,19,4,4,5,6,5,4,3,4,1,1
04/18/2024,18,3,3,5,5,3,4,9,5,0,1
04/19/2024,19,4,4,12,6,5,4,7,5,1,1
04/20/2024,19,3,3,5,6,4,4,3,4,0,1
04/21/2024,19,3,4,5,6,3,4,5,5,1,1
04/22/2024,19,4,3,8,6,2,4,7,5,0,1
04/23/2024,20,3,3,4,6,4,4,8,6,1,1
04/24/2024,20,2,3,5,6,7,4,6,6,0,0
04/25/2024,21,5,3,8,7,6,4,6,6,0,0
04/26/2024,19,5,4,4,6,1,4,8,6,0,0
04/27/2024,20,1,3,11,6,2,4,3,6,3,1
04/28/2024,21,3,3,3,6,11,5,8,7,0,1
04/29/2024,23,5,3,10,6,8,6,7,7,3,1
04/30/2024,24,4,4,11,7,7,6,6,6,2,1
05/01/2024,25,6,4,6,8,3,5,5,6,1,1
05/02/2024,24,2,4,7,7,4,5,6,6,0,1
05/03/2024,25,4,4,9,8,6,6,5,6,0,1
05/04/2024,24,5,4,3,7,1,6,7,6,0,1
05/05/2024,24,5,4,7,8,2,4,7,6,1,1
05/06/2024,22,2,4,7,7,6,4,9,6,1,1
05/07/2024,22,5,4,7,7,7,4,9,7,0,0
05/08/2024,23,5,4,9,7,6,5,7,7,0,0
05/09/2024,23,5,4,8,7,5,5,3,7,1,0
05/10/2024,23,4,4,4,6,4,4,6,7,0,0
05/11/2024,22,2,4,2,6,7,5,2,6,0,0
05/12/2024,21,1,3,4,6,2,5,5,6,0,0
05/13/2024,21,4,4,7,6,5,5,7,6,3,1
05/14/2024,20,2,3,14,7,2,4,5,5,2,1
05/15/2024,21,6,3,10,7,5,4,9,5,2,1
05/16/2024,22,4,3,5,7,6,4,9,6,1,1
05/17/2024,24,3,3,6,7,12,6,9,7,2,1
05/18/2024,26,6,4,9,8,6,5,9,8,0,1
05/19/2024,28,2,4,4,8,6,6,7,8,5,2
05/20/2024,28,7,4,7,8,6,6,7,8,2,2
05/21/2024,28,6,5,9,7,7,7,3,8,2,2
05/22/2024,27,5,5,5,6,5,7,6,7,2,2
05/23/2024,28,5,5,6,7,5,7,12,8,0,2
05/24/2024,28,12,6,7,7,8,6,5,7,3,2
05/25/2024,28,4,6,12,7,4,6,11,7,1,2
05/26/2024,30,9,7,7,8,9,6,7,7,2,2
05/27/2024,30,3,6,6,7,8,7,10,8,3,2
05/28/2024,30,7,6,7,7,5,6,5,8,1,2
05/29/2024,32,4,6,8,8,5,6,20,10,1,2
05/30/2024,32,8,7,8,8,3,6,8,9,1,2
05/31/2024,31,3,5,6,8,9,6,9,10,1,1
06/01/2024,30,7,6,8,7,6,6,5,9,2,2
06/02/2024,30,6,5,12,8,7,6,7,9,0,1
06/03/2024,31,8,6,7,8,10,6,14,10,1,1
06/04/2024,33,4,6,14,9,5,6,11,11,2,1
06/05/2024,33,6,6,8,9,9,7,12,9,1,1
06/06/2024,34,6,6,7,9,9,8,14,10,2,1
06/07/2024,36,5,6,13,10,5,7,16,11,4,2
06/08/2024,37,8,6,6,10,8,8,8,12,3,2
06/09/2024,37,7,6,12,10,8,8,8,12,1,2
06/10/2024,38,11,7,12,10,8,7,10,11,3,2
06/11/2024,39,3,7,10,10,15,9,11,11,1,2
06/12/2024,42,10,7,17,11,8,9,21,13,1,2
06/13/2024,45,10,8,13,12,18,10,18,13,2,2
06/14/2024,44,6,8,11,12,11,11,11,12,0,2
06/15/2024,45,10,8,8,12,9,11,13,13,1,1
06/16/2024,48,8,8,11,12,14,12,20,15,0,1
06/17/2024,51,16,9,13,12,13,13,22,17,3,1
06/18/2024,54,9,10,17,13,17,13,17,17,1,1
06/19/2024,55,9,10,19,13,13,14,16,17,3,1
06/20/2024,54,11,10,18,14,11,13,19,17,1,1
06/21/2024,59,18,12,17,15,16,13,21,18,2,2
06/22/2024,62,8,11,20,16,15,14,14,18,1,2
06/23/2024,64,17,13,16,17,9,13,24,19,0,2
06/24/2024,63,10,12,15,17,15,14,22,19,2,1
06/25/2024,62,10,12,12,17,14,13,11,18,2,2
06/26/2024,61,9,12,22,17,8,13,14,18,1,1
06/27/2024,60,13,12,14,17,9,12,15,17,2,1
06/28/2024,58,13,11,13,16,15,12,17,17,1,1
06/29/2024,58,15,12,12,15,16,12,12,16,3,2
06/30/2024,56,13,12,8,14,11,13,17,15,3,2
07/01/2024,56,12,12,18,14,15,13,18,15,5,2
07/02/2024,59,7,12,24,16,10,12,25,17,3,3
07/03/2024,59,6,11,23,16,7,12,17,17,1,3
07/04/2024,60,14,11,16,16,12,12,9,16,8,3
07/05/2024,60,9,11,14,16,16,12,17,16,5,4
07/06/2024,61,10,10,13,17,20,13,17,17,5,4
07/07/2024,61,9,10,13,17,6,12,23,18,2,4
07/08/2024,63,17,10,21,18,25,14,17,18,3,4
07/09/2024,65,12,11,25,18,19,15,22,17,2,4
07/10/2024,67,17,13,16,17,14,16,20,18,4,4
07/11/2024,69,17,13,17,17,15,16,17,19,5,4
07/12/2024,72,13,14,26,19,16,16,22,20,3,3
07/13/2024,70,11,14,13,19,12,15,14,19,1,3
07/14/2024,73,12,14,22,20,12,16,23,19,4,3
07/15/2024,74,13,14,25,21,21,16,28,21,4,3
07/16/2024,75,13,14,20,20,14,15,27,22,11,5
07/17/2024,73,15,13,14,20,16,15,16,21,1,4
07/18/2024,75,17,13,26,21,10,14,25,22,4,4
07/19/2024,74,19,14,21,20,12,14,17,21,2,4
07/20/2024,76,16,15,17,21,14,14,17,22,2,4
07/21/2024,74,15,15,14,20,14,14,20,21,0,3
07/22/2024,73,11,15,28,20,20,14,22,21,0,3
07/23/2024,74,18,16,28,21,19,15,23,20,2,2
07/24/2024,77,17,16,35,24,11,14,21,21,2,2
07/25/2024,77,17,16,22,24,13,15,26,21,4,2
07/26/2024,76,11,15,20,23,16,15,16,21,2,2
07/27/2024,74,11,14,17,23,8,14,14,20,2,2
07/28/2024,75,7,13,31,26,8,14,19,20,6,3
07/29/2024,74,16,14,26,26,12,12,16,19,2,3
07/30/2024,74,10,13,23,25,22,13,27,20,5,3
07/31/2024,71,13,12,24,23,8,12,17,19,3,3
08/01/2024,68,11,11,21,23,10,12,20,18,4,3
08/02/2024,70,14,12,26,24,14,12,21,19,5,4
08/03/2024,69,7,11,12,23,10,12,10,19,4,4
08/04/2024,67,11,12,13,21,13,13,15,18,5,4
08/05/2024,68,17,12,24,20,9,12,19,18,7,5
08/06/2024,64,12,12,21,20,8,10,18,17,0,4
08/07/2024,65,17,13,18,19,15,11,19,17,4,4
08/08/2024,64,15,13,18,19,8,11,14,17,2,4
08/09/2024,60,10,13,18,18,7,10,12,15,5,4
08/10/2024,61,12,13,8,17,10,10,17,16,6,4
08/11/2024,62,12,14,23,19,14,10,16,16,2,4
08/12/2024,61,11,13,19,18,11,10,18,16,7,4
08/13/2024,63,17,13,18,17,17,12,18,16,2,4
08/14/2024,60,9,12,16,17,11,11,11,15,4,4
08/15/2024,62,9,11,25,18,14,12,17,16,7,5
08/16/2024,65,12,12,19,18,20,14,13,16,7,5
08/17/2024,63,15,12,15,19,3,13,8,14,3,5
08/18/2024,60,9,12,17,18,11,12,4,13,6,5
08/19/2024,60,11,12,17,18,13,13,14,12,8,5
08/20/2024,58,16,12,15,18,10,12,14,12,1,5
08/21/2024,57,5,11,21,18,5,11,11,12,5,5
08/22/2024,54,11,11,15,17,7,10,14,11,4,5
08/23/2024,54,15,12,18,17,14,9,14,11,6,5
08/24/2024,54,9,11,12,16,5,9,16,12,7,5
08/25/2024,53,6,10,11,16,7,9,11,13,3,5
08/26/2024,51,10,10,16,15,10,8,11,13,4,4
08/27/2024,49,8,9,11,15,6,8,15,13,1,4
08/28/2024,51,9,10,22,15,7,8,19,14,2,4
08/29/2024,51,3,9,18,15,13,9,18,15,3,4
08/30/2024,51,12,8,19,16,11,8,14,15,5,4
08/31/2024,48,11,8,4,14,5,8,9,14,3,3
09/01/2024,48,5,8,9,14,10,9,11,14,5,3
09/02/2024,46,6,8,13,14,6,8,8,13,4,3
09/03/2024,47,7,8,15,14,5,8,13,13,4,4
09/04/2024,44,5,7,14,13,7,8,13,12,3,4
09/05/2024,42,5,7,13,12,5,7,11,11,3,4
09/06/2024,39,8,7,12,11,7,6,10,11,4,4
09/07/2024,40,7,6,13,13,7,7,9,11,2,4
09/08/2024,40,9,7,10,13,5,6,10,11,5,4
09/09/2024,39,10,7,11,13,7,6,7,10,0,3
09/10/2024,39,8,7,8,12,8,7,12,10,4,3
09/11/2024,37,5,7,13,11,5,6,6,9,0,3
09/12/2024,39,11,8,10,11,13,7,16,10,4,3
09/13/2024,40,6,8,19,12,9,8,10,10,4,3
09/14/2024,40,6,8,17,13,4,7,8,10,3,3
09/15/2024,38,6,7,7,12,3,7,8,10,1,2
09/16/2024,41,7,7,25,14,8,7,10,10,2,3
09/17/2024,41,5,7,12,15,15,8,9,10,3,2
09/18/2024,43,12,8,11,14,11,9,7,10,1,3
09/19/2024,41,4,7,13,15,9,8,8,9,3,2
09/20/2024,40,9,7,14,14,6,8,8,8,2,2
09/21/2024,39,6,7,9,13,8,9,9,8,1,2
09/22/2024,39,3,7,10,13,7,9,4,8,3,2
09/23/2024,37,7,7,8,11,8,9,7,7,7,3
09/24/2024,35,6,7,12,11,3,7,3,7,4,3
09/25/2024,32,7,6,9,11,3,6,4,6,1,3
09/26/2024,31,5,6,2,9,7,6,9,6,3,3
09/27/2024,28,3,5,6,8,1,5,12,7,1,3
09/28/2024,26,1,5,9,8,0,4,7,7,2,3
09/29/2024,26,9,5,7,8,2,3,6,7,0,3
09/30/2024,24,7,5,7,7,3,3,7,7,3,2
10/01/2024,25,6,5,13,8,4,3,8,8,1,2
10/02/2024,25,2,5,9,8,7,3,3,7,4,2
10/03/2024,24,3,4,6,8,3,3,6,7,2,2
10/04/2024,25,3,4,7,8,6,4,8,6,4,2
10/05/2024,25,5,5,6,8,1,4,5,6,0,2
10/06/2024,24,2,4,6,8,6,4,6,6,1,2
10/07/2024,23,4,4,6,8,4,4,2,5,3,2
10/08/2024,22,3,3,7,7,8,5,5,5,2,2
10/09/2024,22,4,3,6,6,6,5,5,5,1,2
10/10/2024,22,3,3,8,7,3,5,3,5,2,2
10/11/2024,20,3,3,5,6,1,4,3,4,5,2
10/12/2024,18,0,3,1,6,1,4,0,3,3,2
10/13/2024,19,2,3,9,6,5,4,5,3,3,3
10/14/2024,19,3,3,5,6,3,4,7,4,4,3
10/15/2024,18,3,3,6,6,4,3,1,3,1,3
10/16/2024,16,1,2,4,5,2,3,2,3,0,3
10/17/2024,16,1,2,5,5,4,3,8,4,1,2
10/18/2024,15,2,2,8,5,2,3,2,4,0,2
10/19/2024,17,2,2,4,6,3,3,3,4,2,2
10/20/2024,15,2,2,3,5,2,3,2,4,2,1
10/21/2024,15,1,2,8,5,3,3,6,3,5,2
10/22/2024,14,1,1,1,5,3,3,1,3,0,1
10/23/2024,15,5,2,9,5,3,3,3,4,1,2
10/24/2024,15,0,2,8,6,4,3,6,3,0,1
10/25/2024,16,0,2,11,6,2,3,4,4,2,2
10/26/2024,16,0,1,3,6,5,3,3,4,2,2
10/27/2024,16,1,1,3,6,2,3,2,4,5,2
10/28/2024,16,1,1,5,6,3,3,8,4,4,2
10/29/2024,17,3,1,4,6,4,3,3,4,2,2
10/30/2024,17,7,2,4,5,3,3,7,5,1,2
10/31/2024,17,6,3,7,5,1,3,3,4,1,2
11/01/2024,17,1,3,3,4,2,3,6,5,2,2
11/02/2024,16,1,3,2,4,1,2,3,5,1,2
11/03/2024,16,4,3,4,4,3,2,0,4,1,2
11/04/2024,15,2,3,5,4,1,2,5,4,4,2
11/05/2024,16,1,3,9,5,1,2,3,4,4,2
11/06/2024,14,1,2,5,5,1,1,3,3,1,2
11/07/2024,14,1,2,5,5,6,2,4,3,1,2
11/08/2024,14,4,2,2,5,2,2,4,3,3,2
11/09/2024,15,2,2,5,5,0,2,4,3,1,2
11/10/2024,14,1,2,2,5,3,2,5,4,0,2
11/11/2024,15,4,2,8,5,1,2,7,4,1,2
11/12/2024,15,1,2,6,5,4,2,4,4,3,1
11/13/2024,15,4,2,4,5,0,2,4,5,0,1
11/14/2024,14,0,2,6,5,1,2,3,4,2,1
11/15/2024,13,0,2,4,5,1,1,2,4,0,1
11/16/2024,13,0,1,3,5,5,2,2,4,0,1
11/17/2024,13,1,1,5,5,4,2,1,3,0,1
11/18/2024,12,1,1,5,5,2,2,5,3,1,1
11/19/2024,11,1,1,7,5,1,2,3,3,2,1
11/20/2024,11,1,1,7,5,0,2,2,3,2,1
11/21/2024,11,1,1,6,5,0,2,2,2,1,1
11/22/2024,13,2,1,6,6,2,2,5,3,3,1
11/23/2024,12,4,2,1,5,1,1,2,3,0,1
11/24/2024,13,3,2,6,5,4,1,2,3,2,2
11/25/2024,13,0,2,2,5,4,2,2,3,1,2
11/26/2024,12,2,2,4,5,1,2,2,2,3,2
11/27/2024,13,5,2,6,4,2,2,2,2,1,2
11/28/2024,13,2,3,2,4,1,2,4,3,1,2
11/29/2024,13,2,3,8,4,1,2,4,3,1,1
11/30/2024,13,4,3,0,4,1,2,2,3,2,2
12/01/2024,12,3,3,4,4,0,1,4,3,0,1
12/02/2024,13,1,3,7,4,3,1,4,3,3,2
12/03/2024,14,3,3,7,5,6,2,4,3,0,1
12/04/2024,13,4,3,2,4,3,2,1,3,0,1
12/05/2024,13,1,3,2,4,1,2,5,3,1,1
12/06/2024,13,3,3,5,4,1,2,2,3,0,1
12/07/2024,14,3,3,6,5,1,2,5,4,1,1
12/08/2024,14,7,3,3,5,1,2,3,3,1,1
12/09/2024,15,4,4,6,4,2,2,7,4,4,1
12/10/2024,16,6,4,10,5,3,2,4,4,2,1
12/11/2024,17,3,4,8,6,1,1,5,4,0,1
12/12/2024,18,8,5,6,6,2,2,5,4,1,1
12/13/2024,20,6,5,8,7,2,2,5,5,2,2
12/14/2024,20,4,5,5,7,3,2,4,5,0,1
12/15/2024,20,2,5,6,7,2,2,0,4,2,2
12/16/2024,20,6,5,3,7,6,3,8,4,0,1
12/17/2024,20,6,5,9,6,0,2,7,5,2,1
12/18/2024,20,0,5,5,6,2,2,8,5,3,1
12/19/2024,19,1,4,10,7,4,3,5,5,0,1
12/20/2024,19,5,3,6,6,0,2,5,5,1,1
12/21/2024,18,2,3,5,6,0,2,4,5,0,1
12/22/2024,18,3,3,3,6,2,2,7,6,1,1
12/23/2024,18,2,3,9,7,5,2,1,5,1,1
12/24/2024,17,2,2,10,7,2,2,3,5,1,1
12/25/2024,17,3,3,7,7,0,2,7,5,0,1
12/26/2024,18,7,3,7,7,6,2,8,5,3,1
12/27/2024,21,7,4,17,8,4,3,5,5,5,2
12/28/2024,24,6,4,14,10,5,3,6,5,2,2
12/29/2024,27,3,4,9,10,10,5,8,5,3,2
12/30/2024,29,8,5,6,10,7,5,5,6,7,3
12/31/2024,30,3,5,7,10,2,5,8,7,5,4
01/01/2025,30,4,5,8,10,2,5,3,6,3,4
01/02/2025,29,7,5,5,9,4,5,7,6,1,4
01/03/2025,28,5,5,10,8,3,5,7,6,5,4
01/04/2025,28,7,5,9,8,5,5,10,7,2,4
01/05/2025,27,6,6,5,7,3,4,9,7,4,4
01/06/2025,26,6,5,6,7,3,3,8,7,3,3
01/07/2025,27,8,6,11,8,5,4,6,7,1,3
01/08/2025,29,4,6,14,9,3,4,10,8,1,2
01/09/2025,28,4,6,3,8,3,4,5,8,3,3
01/10/2025,27,3,5,7,8,7,4,4,7,2,2
01/11/2025,26,5,5,8,8,9,5,2,6,2,2
01/12/2025,25,4,5,6,8,0,4,6,6,3,2
01/13/2025,28,11,6,9,8,9,5,13,7,2,2
01/14/2025,27,7,5,9,8,2,5,5,6,1,2
01/15/2025,25,6,6,5,7,3,5,9,6,1,2
01/16/2025,28,8,6,17,9,4,5,5,6,5,2
01/17/2025,30,9,7,10,9,3,4,9,7,2,2
01/18/2025,30,5,7,9,9,4,4,6,8,2,2
01/19/2025,31,8,8,6,9,5,4,5,7,2,2
01/20/2025,28,5,7,6,9,3,3,5,6,2,2
01/21/2025,30,11,7,10,9,9,4,7,7,2,2
01/22/2025,32,14,9,7,9,5,5,10,7,3,3
01/23/2025,32,15,10,14,9,3,5,5,7,4,2
01/24/2025,31,4,9,8,9,4,5,5,6,1,2
01/25/2025,30,6,9,5,8,6,5,7,6,0,2
01/26/2025,30,7,9,8,8,2,5,8,7,2,2
01/27/2025,33,11,10,10,9,9,5,7,7,5,2
01/28/2025,32,8,9,9,9,4,5,7,7,3,3
01/29/2025,33,13,9,10,9,6,5,6,6,6,3
01/30/2025,30,6,8,6,8,7,5,4,6,3,3
01/31/2025,32,6,8,10,8,7,6,5,6,2,3
02/01/2025,32,8,8,12,9,1,5,7,6,2,3
02/02/2025,32,4,8,11,10,5,6,1,5,4,4
02/03/2025,32,9,8,11,10,8,5,7,5,5,4
02/04/2025,32,11,8,11,10,0,5,8,5,3,4
02/05/2025,30,10,8,7,10,3,4,0,5,5,3
02/06/2025,31,13,9,11,10,5,4,5,5,2,3
02/07/2025,32,5,9,12,11,6,4,8,5,2,3
02/08/2025,32,4,8,11,11,7,5,7,5,5,4
02/09/2025,31,4,8,3,9,5,5,3,5,4,4
02/10/2025,32,9,8,11,9,9,5,8,6,5,4
02/11/2025,32,8,8,14,10,4,6,8,6,4,4
02/12/2025,34,7,7,9,10,5,6,8,7,4,4
02/13/2025,33,15,7,6,9,8,6,4,7,1,4
02/14/2025,32,8,8,4,8,1,6,7,6,5,4
02/15/2025,31,8,8,3,7,8,6,6,6,0,3
02/16/2025,32,7,9,10,8,4,6,7,7,2,3
02/17/2025,31,5,8,8,8,7,5,9,7,3,3
02/18/2025,30,11,9,11,7,5,5,4,6,3,3
02/19/2025,30,7,9,8,7,11,6,5,6,2,2
02/20/2025,32,10,8,17,9,10,7,9,7,2,2
02/21/2025,33,9,8,12,10,3,7,3,6,5,2
02/22/2025,34,7,8,11,11,3,6,8,6,3,3
02/23/2025,35,8,8,12,11,6,6,3,6,3,3
02/24/2025,36,10,9,11,12,7,6,8,6,4,3
02/25/2025,38,9,9,16,12,9,7,7,6,5,3
02/26/2025,38,8,9,7,12,7,6,10,7,3,4
02/27/2025,34,8,8,6,11,1,5,4,6,2,4
02/28/2025,35,8,8,11,11,5,5,8,7,4,3
03/01/2025,34,6,8,10,10,7,6,5,6,1,3
03/02/2025,32,6,8,4,9,2,5,4,7,1,3
03/03/2025,31,14,8,11,9,4,5,6,6,1,2
03/04/2025,30,11,9,12,9,6,5,5,6,3,2
03/05/2025,31,9,9,10,9,6,4,11,6,3,2
03/06/2025,33,11,9,7,9,7,5,9,7,1,2
03/07/2025,33,12,10,13,10,6,5,6,7,2,2
03/08/2025,33,9,10,9,9,2,5,3,6,3,2
03/09/2025,35,8,11,11,10,6,5,6,7,1,2
03/10/2025,36,11,10,12,11,6,6,9,7,3,2
03/11/2025,35,7,10,6,10,8,6,7,7,4,2
03/12/2025,36,11,10,10,10,6,6,15,8,2,2
03/13/2025,36,13,10,10,10,7,6,10,8,1,2
03/14/2025,36,9,10,9,10,5,6,9,8,2,2
03/15/2025,37,11,10,8,9,9,7,8,9,1,2
03/16/2025,37,10,10,6,9,6,7,5,9,2,2
03/17/2025,39,14,11,16,9,7,7,12,9,5,2
03/18/2025,41,9,11,14,10,11,7,11,10,4,2
03/19/2025,41,13,11,17,11,5,7,7,9,3,3
03/20/2025,40,7,10,10,11,6,7,7,8,2,3
03/21/2025,40,8,10,16,12,5,7,7,8,1,3
03/22/2025,39,1,9,12,13,8,7,8,8,1,3
03/23/2025,40,9,9,9,13,5,7,9,9,4,3
03/24/2025,39,10,8,14,13,7,7,9,8,3,3
03/25/2025,38,15,9,11,13,12,7,6,8,2,2
03/26/2025,39,16,9,16,13,5,7,10,8,4,2
03/27/2025,42,14,10,14,13,3,6,14,9,3,3
03/28/2025,42,11,11,11,12,10,7,6,9,1,3
03/29/2025,44,12,12,13,13,4,7,9,9,4,3
03/30/2025,42,6,12,5,12,5,7,6,9,1,3
03/31/2025,42,11,12,12,12,5,6,15,9,5,3
04/01/2025,44,9,11,20,13,11,6,13,10,5,3
04/02/2025,45,15,11,22,14,10,7,9,10,1,3
04/03/2025,43,7,10,10,13,7,7,6,9,2,3
04/04/2025,42,14,11,12,13,6,7,3,9,2,3
04/05/2025,41,7,10,9,13,8,7,8,9,1,2
04/06/2025,43,12,11,8,13,5,7,11,9,3,3
04/07/2025,43,18,12,13,13,4,7,8,8,1,2
04/08/2025,39,6,11,6,11,8,7,8,8,3,2
04/09/2025,35,15,11,7,9,3,6,4,7,2,2
04/10/2025,35,11,12,8,9,2,5,8,7,1,2
04/11/2025,34,4,10,9,9,6,5,6,8,3,2
04/12/2025,34,9,11,14,9,3,4,7,7,3,2
04/13/2025,32,4,10,9,9,3,4,7,7,0,2
04/14/2025,32,8,8,17,10,6,4,11,7,1,2
04/15/2025,34,9,9,15,11,8,4,7,7,5,2
04/16/2025,33,7,7,8,11,11,6,2,7,2,2
04/17/2025,34,12,8,8,11,5,6,9,7,2,2
04/18/2025,35,8,8,8,11,5,6,11,8,1,2
04/19/2025,35,7,8,9,11,6,6,10,8,3,2
04/20/2025,35,9,9,3,10,3,6,7,8,0,2
04/21/2025,32,7,8,8,8,4,6,7,8,1,2
04/22/2025,31,11,9,9,8,3,5,8,8,1,1
04/23/2025,30,8,9,8,8,5,4,4,8,1,1
04/24/2025,29,7,8,8,8,5,4,7,8,1,1
04/25/2025,29,8,8,8,8,1,4,9,7,4,2
04/26/2025,27,4,8,7,7,1,3,6,7,3,2
04/27/2025,27,3,7,11,8,7,4,4,6,2,2
04/28/2025,29,8,7,16,10,1,3,6,6,6,3
04/29/2025,28,2,6,11,10,5,4,8,6,3,3
04/30/2025,29,6,5,6,10,6,4,10,7,2,3
05/01/2025,29,7,5,3,9,8,4,6,7,2,3
05/02/2025,28,3,5,4,8,1,4,11,7,5,3
05/03/2025,27,1,4,2,8,4,5,4,7,2,3
05/04/2025,23,2,4,1,6,1,4,0,6,1,3
05/05/2025,18,0,3,0,4,0,4,0,6,0,2